Merilec;Meril;Kandidat;word;subject;gender;stressed;vowelNoIpa;vowel;f0;f1;f2;f3;f4;f1Bark;f2Bark
A;RM-Mikanovič;Nataša Pirc Musar;zasluži;f1;f;TRUE;u;u;188.635947994501;453.860943330129;2238.89893126582;3585.81658535451;5067.23304718655;4.51089182282967;13.7653858451509
A;RM-Mikanovič;Nataša Pirc Musar;vsak;f1;f;TRUE;a;a;166.984408058114;728.712166139458;1435.72471657529;2608.08793164141;3901.42046123964;6.73621964977769;10.8053651618155
A;RM-Mikanovič;Nataša Pirc Musar;umrli;f1;f;TRUE;@;ə;141.926020124828;601.68439945426;1326.89318474601;3011.97689117236;3426.62026002748;5.76709059898451;10.2929882395127
A;RM-Mikanovič;Nataša Pirc Musar;vsak;f1;f;TRUE;a;a;192.689780824767;825.47825244601;1394.6479351842;2302.5519443601;3744.88595749502;7.41516055856605;10.6158823294479
A;RM-Mikanovič;Nataša Pirc Musar;umrl;f1;f;TRUE;@;ə;189.440045848297;597.935356504732;1485.820677638;2333.37992821826;3659.30535834767;5.73702581327028;11.0303381876448
A;RM-Mikanovič;Nataša Pirc Musar;umrli;f1;f;TRUE;@;ə;177.925982501999;618.123913932343;1415.80690930165;2530.69487757472;3718.44083372856;5.89789201984068;10.7140623110845
A;RM-Mikanovič;Nataša Pirc Musar;preveč;f1;f;TRUE;E;ɛ;NA;602.461473271472;1919.69837198671;2500.78206699393;3987.3205414372;5.77331119780195;12.7357512049341
A;RM-Mikanovič;Nataša Pirc Musar;nisem;f1;f;TRUE;i;i;233.196902162002;274.577511945381;2084.13906121923;2572.15613146218;3719.88214377249;2.76432434359681;13.2864804388408
A;RM-Mikanovič;Nataša Pirc Musar;spremljala;f1;f;TRUE;e;e;208.707259076745;424.341102922954;1983.48564593222;2384.13894825839;3758.29776658735;4.24137476488489;12.9548342157137
A;RM-Mikanovič;Nataša Pirc Musar;tega;f1;f;TRUE;e;e;177.50823342097;448.642345095004;1914.10619717908;2641.24179018507;3729.11445485423;4.4637265682019;12.7162004226259
A;RM-Mikanovič;Nataša Pirc Musar;kaj;f1;f;TRUE;a;a;165.391058165974;852.875632076203;1482.99800856555;2336.17868235398;3788.35154970686;7.59890390005823;11.0178360750511
A;RM-Mikanovič;Nataša Pirc Musar;rekel;f1;f;TRUE;e;e;165.737198855322;406.826409332201;2068.27551750849;2553.07021716162;3843.0103048351;4.07828727919836;13.2353113307153
A;RM-Mikanovič;Nataša Pirc Musar;gospod;f1;f;TRUE;o;o;175.108215476366;531.433660412809;1003.30751371066;2639.91813652856;3424.9733203335;5.18868987003518;8.5472470687324
A;RM-Mikanovič;Nataša Pirc Musar;Janković;f1;f;TRUE;a;a;167.276185799962;973.22714508459;1401.20721204188;2171.62885311968;3630.71477771206;8.36539693625241;10.6464503004329
A;RM-Mikanovič;Nataša Pirc Musar;ampak;f1;f;TRUE;a;a;NA;728.687527882158;1239.9253377775;2278.75381144973;3771.70447378636;6.73604055693633;9.85849185428282
A;RM-Mikanovič;Nataša Pirc Musar;nedvomno;f1;f;TRUE;o;o;191.002134383765;461.124701905917;728.245221487447;2897.45801341242;3591.38885074309;4.57620260425481;6.7328249208885
A;RM-Mikanovič;Nataša Pirc Musar;bomo;f1;f;TRUE;o;o;167.554372514586;519.261352245196;862.995589125502;2606.56367259033;3431.83489633611;5.08513889654538;7.66587243904337
A;RM-Mikanovič;Nataša Pirc Musar;Sloveniji;f1;f;TRUE;e;e;167.148225690985;446.619933155866;2128.34692398716;2600.15973646614;3641.23013913884;4.44539318234063;13.426981169408
A;RM-Mikanovič;Nataša Pirc Musar;našli;f1;f;TRUE;a;a;169.939039637042;992.311837546064;1496.59993294155;2533.73720727664;3642.30869965931;8.48120268742441;11.077893589241
A;RM-Mikanovič;Nataša Pirc Musar;primerno;f1;f;TRUE;e;e;159.779859461312;515.643869997956;1935.55057061107;2439.26137875897;3718.38842965393;5.05416835401152;12.7908669371587
A;RM-Mikanovič;Nataša Pirc Musar;mesto;f1;f;TRUE;e;e;166.301046210529;476.395871253505;2170.71006995062;2779.9803029786;3689.14572080255;4.71224058126289;13.5587973229435
A;RM-Mikanovič;Nataša Pirc Musar;tudi;f1;f;TRUE;u;u;180.678765546376;369.454842056743;1180.39080995159;2423.74716048011;3550.60111613148;3.72210402739372;9.54717813799422
A;RM-Mikanovič;Nataša Pirc Musar;te;f1;f;TRUE;e;e;151.28793002957;410.51502883442;2077.43685724089;2720.8593082094;3760.66343636726;4.11283406313707;13.2649110071507
A;RM-Mikanovič;Nataša Pirc Musar;vojni;f1;f;TRUE;O;ɔ;149.938202690075;755.701232975348;1085.11274178268;2429.58412562695;3338.0969894804;6.9304488189121;9.0236274266688
A;RM-Mikanovič;Nataša Pirc Musar;pobiti;f1;f;TRUE;i;i;116.827018213271;276.088325998194;2087.59506791686;2752.81384926977;4039.16276301533;2.78021272011129;13.2975748516651
A;RM-Mikanovič;Nataša Pirc Musar;vendarle;f1;f;TRUE;@;ə;240.161598767988;648.973156262617;1328.59372837556;2412.80413087597;3660.46265902848;6.13889587485253;10.3012551807193
A;RM-Mikanovič;Nataša Pirc Musar;dodala;f1;f;TRUE;a;a;179.649839748441;788.332458295979;1310.75067278079;2618.64397258411;3619.22046115246;7.16018796947857;10.214085701701
A;RM-Mikanovič;Nataša Pirc Musar;eno;f1;f;TRUE;E;ɛ;169.796926340065;614.241242017246;1730.79150792729;2612.91882585882;3638.86524560105;5.86715013095577;12.0425119470619
A;RM-Mikanovič;Nataša Pirc Musar;drugo;f1;f;TRUE;u;u;164.91875024808;642.359517571251;2120.43251611461;3322.0444916121;4189.29039337419;6.08770925569807;13.4020514510467
A;RM-Mikanovič;Nataša Pirc Musar;obstajajo;f1;f;TRUE;a;a;220.381209511959;909.239202571225;1376.75860305951;2698.56199160722;3758.71251695039;7.96587688579249;10.5319024445405
A;RM-Mikanovič;Nataša Pirc Musar;možnosti;f1;f;TRUE;o;o;139.804362025738;350.824034155387;680.229910654904;2924.67014942171;3087.77641308211;3.54023304963318;6.37733933096544
A;RM-Mikanovič;Nataša Pirc Musar;kako;f1;f;TRUE;o;o;164.245441213438;600.660175114072;831.584086637334;2468.2763335832;3573.49328170927;5.75888575349163;7.45642228599411
A;RM-Mikanovič;Nataša Pirc Musar;lahko;f1;f;TRUE;o;o;162.486198941936;541.757522979665;797.672198663934;2517.33095818385;3530.13864803328;5.27572619755159;7.22494333827682
A;RM-Mikanovič;Nataša Pirc Musar;predsednika;f1;f;TRUE;e;e;163.530376069807;461.148932286897;1966.25661800224;2636.7772569025;3741.72546905626;4.5764198115784;12.8963613047949
A;RM-Mikanovič;Nataša Pirc Musar;putina;f1;f;TRUE;u;u;146.674384462873;379.880326161539;920.518146032674;2292.26329526904;3550.44841939614;3.82261215307459;8.03758758111849
A;RM-Mikanovič;Nataša Pirc Musar;ustavimo;f1;f;TRUE;a;a;120.82020062544;818.213028935709;1359.44389199433;2464.42918497519;3751.12353108168;7.36582766954693;10.4497580348529
A;RM-Mikanovič;Nataša Pirc Musar;ena;f1;f;TRUE;E;ɛ;187.378252655561;719.132772353646;2063.5770226115;2661.15445983312;3826.13797519343;6.66633973566141;13.220078516033
A;RM-Mikanovič;Nataša Pirc Musar;možnosti;f1;f;TRUE;o;o;214.120525110077;525.25968363993;764.01521420734;2246.9243497645;3214.69905179484;5.13629403401483;6.98950568633633
A;RM-Mikanovič;Nataša Pirc Musar;ta;f1;f;TRUE;a;a;204.847343480502;901.46601736923;1388.78547516435;2724.9847559852;3613.92833796683;7.91612648864825;10.5884603687786
A;RM-Mikanovič;Nataša Pirc Musar;se;f1;f;TRUE;E;ɛ;151.659748937464;598.632661304698;1851.60666147043;2627.97039363283;3746.60220120113;5.74262439517014;12.4937925900968
A;RM-Mikanovič;Nataša Pirc Musar;proti;f1;f;TRUE;o;o;196.865520154968;525.673201881634;835.554596847039;2431.47483302199;3414.73315908612;5.13981151495623;7.48315730579338
A;RM-Mikanovič;Nataša Pirc Musar;njemu;f1;f;TRUE;E;ɛ;190.439134973945;765.601919783296;1837.46361797064;2644.59570877174;3725.36244273308;7.00073562225187;12.4424480742013
A;RM-Mikanovič;Nataša Pirc Musar;obrnejo;f1;f;TRUE;@;ə;174.061876293274;561.084354223968;1240.55752622337;2339.70809882893;3591.82314623106;5.43674661501954;9.8617355040621
A;RM-Mikanovič;Nataša Pirc Musar;sicer;f1;f;TRUE;E;ɛ;186.946431963805;628.188841873122;1654.40117585633;2629.88346111365;3937.85301657681;5.97715379733641;11.7416027819462
A;RM-Mikanovič;Nataša Pirc Musar;njegovi;f1;f;TRUE;O;ɔ;171.408862678682;706.029140911221;1089.17468620759;2465.8790990828;3746.20410358219;6.5699378729072;9.04661542623651
A;RM-Mikanovič;Nataša Pirc Musar;politični;f1;f;TRUE;i;i;188.942748879981;358.638648944257;2071.15748502595;2378.70440007566;3720.17927471545;3.6168739350884;13.2446372796915
A;RM-Mikanovič;Nataša Pirc Musar;somišljeniki;f1;f;TRUE;i;i;204.834953155776;332.752212477125;2101.22275770363;2923.51080260093;3671.8966763199;3.36099474769375;13.341138200232
A;RM-Mikanovič;Nataša Pirc Musar;indija;f1;f;TRUE;i;i;186.636903570144;410.036803900041;2300.87293850215;2800.75945203964;3729.9924485727;4.10836118260708;13.9474097635795
A;RM-Mikanovič;Nataša Pirc Musar;kitajska;f1;f;TRUE;a;a;169.672308653147;797.416794901522;1552.49074722952;2421.3810254423;3840.18017987959;7.22317837725483;11.3197897726999
A;RM-Mikanovič;Nataša Pirc Musar;turčija;f1;f;TRUE;u;u;192.376476313855;386.423631543691;979.795885363454;2554.43029989059;3614.13334921463;3.88523747988789;8.4054256931163
A;RM-Mikanovič;Nataša Pirc Musar;opozarjajo;f1;f;TRUE;a;a;180.153778647236;832.495373624653;1433.85044782614;2557.87170915623;3876.31207955971;7.46256506481036;10.7968192270646
A;RM-Mikanovič;Nataša Pirc Musar;šel;f1;f;TRUE;@;ə;166.491008129053;535.523735928915;1357.13299505889;2258.64331410983;3496.88215091192;5.22325778454675;10.4387298193128
A;RM-Mikanovič;Nataša Pirc Musar;predaleč;f1;f;TRUE;a;a;135.521987738536;805.383685864676;1414.54389717728;2563.07772198745;3853.42233540586;7.2780798438212;10.7082363480426
A;RM-Mikanovič;Nataša Pirc Musar;predvsem;f1;f;TRUE;@;ə;231.289472905162;659.110915346587;1426.85994406208;2517.80750634836;3825.4478980126;6.21685578869562;10.7648618283943
A;RM-Mikanovič;Nataša Pirc Musar;osebno;f1;f;TRUE;e;e;236.028150344902;464.869721176128;2056.2188587833;2613.26474916583;3782.22858035867;4.60972240070985;13.1961512737084
A;RM-Mikanovič;Nataša Pirc Musar;veliko;f1;f;TRUE;i;i;248.108776645562;281.839146947815;2013.742472608;2674.05435976123;3565.36885000174;2.84049495275265;13.0562945479674
A;RM-Mikanovič;Nataša Pirc Musar;upanja;f1;f;TRUE;u;u;192.475433713251;461.61739072649;2082.43868100533;3122.59438903172;4040.77397365743;4.58061833829347;13.2810149450352
A;RM-Mikanovič;Nataša Pirc Musar;polagam;f1;f;TRUE;a;a;139.841280032411;832.121412969164;1304.16576850565;2590.68002508447;3801.72016925977;7.46004476599015;10.1816754274534
A;RM-Mikanovič;Nataša Pirc Musar;samo;f1;f;TRUE;o;o;196.380703928098;798.844160858925;1950.00532158724;3316.4176015678;3848.88409796088;7.23303796223122;12.8407344036379
A;RM-Mikanovič;Nataša Pirc Musar;ruske;f1;f;TRUE;u;u;170.364207749588;397.159621326974;1029.42162157073;2502.60876145613;3339.86819866358;3.98723733574815;8.70215162263062
A;RM-Mikanovič;Nataša Pirc Musar;matere;f1;f;TRUE;a;a;144.670313077687;858.635955630194;1397.49313831535;2605.2274920837;3711.95055689421;7.63708164261626;10.629156398763
A;RM-Mikanovič;Nataša Pirc Musar;ampak;f1;f;TRUE;a;a;169.314244464712;845.942591515766;1332.38940935606;2620.42725617468;3669.72658354707;7.55274586483472;10.3196765186177
A;RM-Mikanovič;Nataša Pirc Musar;ruski;f1;f;TRUE;u;u;217.203684059706;392.838757344417;884.831078236416;2371.87557332128;3484.62401059703;3.94629785574044;7.80874509773156
A;RM-Mikanovič;Nataša Pirc Musar;narod;f1;f;TRUE;a;a;150.814623299286;903.785757531662;1410.27480161198;2653.65718167176;3871.11911498803;7.93100169878227;10.6885117406845
A;RM-Mikanovič;Nataša Pirc Musar;mora;f1;f;TRUE;o;o;239.663301866096;677.143250846231;1939.78366752565;2871.11297696348;3906.01844083579;6.35404414487607;12.8055089820558
A;RM-Mikanovič;Nataša Pirc Musar;upreti;f1;f;TRUE;e;e;196.904376268406;413.810680299702;2193.69757659357;2710.98548216602;3827.86258879071;4.14360958096048;13.629199350451
A;RM-Mikanovič;Nataša Pirc Musar;temu;f1;f;TRUE;e;e;206.722269243971;413.392894017657;2074.19387762222;2725.74627111837;3675.17191826114;4.1397129314532;13.2544485282468
A;RM-Mikanovič;Nataša Pirc Musar;predsednik;f1;f;TRUE;e;e;203.175977271133;409.344702183477;2002.08611553854;2639.50815021388;3724.54281072183;4.1018846959775;13.0173907412263
A;RM-Mikanovič;Nataša Pirc Musar;putin;f1;f;TRUE;u;u;212.534531820778;451.393146175528;586.441586383079;2413.1318968843;3567.29017766277;4.48861352146557;5.6443018237706
A;RM-Mikanovič;Nataša Pirc Musar;njihovem;f1;f;TRUE;i;i;182.341724993235;362.938393895418;2120.97764773185;2701.17975103153;3518.186692862;3.6588232446918;13.4037716704464
A;RM-Mikanovič;Nataša Pirc Musar;imenu;f1;f;TRUE;e;e;159.683183448892;378.29690345642;2111.80072684697;2678.65095161844;3663.18780296632;3.80740470112017;13.3747515546296
A;RM-Mikanovič;Nataša Pirc Musar;počne;f1;f;TRUE;E;ɛ;119.080564454442;690.063164339973;1922.38599366385;2583.14542684693;3910.74852016744;6.45118961272474;12.745127350614
A;RM-Mikanovič;Nataša Pirc Musar;dva;f1;f;TRUE;a;a;216.426954159397;791.11625529548;1432.65782794816;2460.93308725464;3710.19675017397;7.17953490738391;10.7913764296766
A;RM-Mikanovič;Nataša Pirc Musar;dni;f1;f;TRUE;i;i;226.039955291866;349.490574611141;1799.5418859518;2584.89145752161;3636.82435645526;3.52710350513222;12.302871510927
A;RM-Mikanovič;Nataša Pirc Musar;nazaj;f1;f;TRUE;a;a;190.608720277933;794.179273541886;1444.40407770995;2616.53540108986;3763.85971226213;7.20077719674959;10.8448169839617
A;RM-Mikanovič;Nataša Pirc Musar;ukrajinski;f1;f;TRUE;u;u;190.281198138003;452.425460090833;769.638606524316;2359.76950595448;3599.00938139705;4.49793839051032;7.02924648471706
A;RM-Mikanovič;Nataša Pirc Musar;narod;f1;f;TRUE;a;a;171.340682638252;884.942660349112;1393.99855401599;2345.52706462723;3758.35105761547;7.80946956282355;10.6128495365387
A;RM-Mikanovič;Nataša Pirc Musar;dobil;f1;f;TRUE;i;i;171.838734137072;378.357398578995;1377.6705748584;2099.33441573442;3614.26863639661;3.80798608461955;10.5362053919209
A;RM-Mikanovič;Nataša Pirc Musar;nagrado;f1;f;TRUE;a;a;158.289751444443;727.552517385412;1583.842372792;2397.19127653513;3874.93193501934;6.72778672785863;11.4521395953058
A;RM-Mikanovič;Nataša Pirc Musar;bruslju;f1;f;TRUE;u;u;153.350834085317;468.570576735824;995.091251277736;2546.12874047484;3878.67837123949;4.6427453517831;8.49794336222977
A;RM-Mikanovič;Nataša Pirc Musar;res;f1;f;TRUE;e;e;219.661852429695;443.454723145235;2091.881164883;2664.83235476721;3869.29532548103;4.41663827574226;13.3113077156799
A;RM-Mikanovič;Nataša Pirc Musar;želela;f1;f;TRUE;e;e;182.874462626276;461.304065392788;1980.01970489424;2585.07554739635;3998.49619497494;4.57781036134524;12.9431123862842
A;RM-Mikanovič;Nataša Pirc Musar;leto;f1;f;TRUE;e;e;171.388056683356;457.406476351017;2013.71227236462;2557.33034437295;3859.36929360808;4.54281987987448;13.0561940477057
A;RM-Mikanovič;Nataša Pirc Musar;dobil;f1;f;TRUE;i;i;170.780285968622;354.468815713308;1852.66247983415;2252.7638911865;3572.92198310537;3.57604320298216;12.4976103240364
A;RM-Mikanovič;Nataša Pirc Musar;ruski;f1;f;TRUE;u;u;202.682775552925;396.689248185598;1166.50637607514;2446.47226710581;3627.88578814531;3.98278790873421;9.47286971486505
A;RM-Mikanovič;Nataša Pirc Musar;narod;f1;f;TRUE;a;a;137.790060117274;874.15006057311;1484.49940439555;2491.48834401191;3822.92345296047;7.73913276399555;11.0244885799824
A;RM-Mikanovič;Nataša Pirc Musar;upor;f1;f;TRUE;O;ɔ;188.776227985809;706.142147567794;1113.6813290191;2487.07791610504;3861.55204767805;6.5707733003145;9.1840182194914
A;RM-Mikanovič;Nataša Pirc Musar;proti;f1;f;TRUE;o;o;174.785408007033;486.414626054314;1094.85080328797;2668.35380701783;3152.85614772049;4.80056661190295;9.07863620722739
A;RM-Mikanovič;Nataša Pirc Musar;temu;f1;f;TRUE;e;e;173.123652771711;460.877071319964;2116.67421571065;2657.21813474658;3849.30624877616;4.57398253115395;13.3901792246502
A;RM-Mikanovič;Nataša Pirc Musar;počne;f1;f;TRUE;E;ɛ;155.229148995851;616.950163809809;1880.2752733111;2574.42480580141;3579.6023557339;5.88860837048059;12.596710063679
A;RM-Mikanovič;Nataša Pirc Musar;gospod;f1;f;TRUE;o;o;142.987824233288;468.186870275752;978.252683084581;2506.35172719847;3298.61614950448;4.63932619385569;8.39603777220567
A;RM-Mikanovič;Nataša Pirc Musar;putin;f1;f;TRUE;u;u;NA;371.672196508178;1599.25707946325;2875.87842374681;4372.14693480661;3.74355594980579;11.5163572434267
B;G-Polanec;Nataša Pirc Musar;Vprašajmo;f1;f;TRUE;a;a;221.197445809282;759.905360347617;1397.25083312694;1397.25083312694;3419.56391824684;6.96035720430943;10.6280268195936
B;G-Polanec;Nataša Pirc Musar;Želimo;f1;f;TRUE;i;i;135.347072907162;306.835287688549;2086.98796528193;2569.24337290373;3718.06352356691;3.09895976942293;13.2956273132531
B;G-Polanec;Nataša Pirc Musar;Želim;f1;f;TRUE;i;i;235.721446552511;301.598578636647;1940.47234640967;2534.78417458049;3635.62685119542;3.04528430094915;12.807888077871
B;G-Polanec;Nataša Pirc Musar;državo;f1;f;TRUE;a;a;192.045984767769;762.140771002128;1316.45418995522;2616.27627620868;3528.90487783548;6.97622241444363;10.2420525868795
B;G-Polanec;Nataša Pirc Musar;nebomo;f1;f;TRUE;o;o;183.415578970928;593.41861760708;660.491294625389;2328.49119834997;3498.28541785053;5.70068737274084;6.22742432162442
B;G-Polanec;Nataša Pirc Musar;počutili;f1;f;TRUE;i;i;181.102973043456;361.065594120908;1996.95275642943;2690.71940152451;3590.49530349876;3.64057088041834;13.0001851438286
B;G-Polanec;Nataša Pirc Musar;kakršenkoli;f1;f;TRUE;o;o;165.209325912831;571.834013721894;1802.93718997195;3459.61270574551;3472.6171274909;5.52524288906563;12.3154830954827
B;G-Polanec;Nataša Pirc Musar;želim;f1;f;TRUE;i;i;242.43919046476;255.701086370242;2078.63085733698;2607.52612575345;3623.79036598441;2.56398509020754;13.2687588501591
B;G-Polanec;Nataša Pirc Musar;predsednica;f1;f;TRUE;e;e;223.490253429811;423.748058034204;1902.35064840458;2482.07335335475;3824.53926286157;4.23589184733968;12.6749172968783
B;G-Polanec;Nataša Pirc Musar;jasno;f1;f;TRUE;a;a;191.508405966315;790.982997936596;1584.14869850892;2514.01586560554;3767.71016539646;7.17860968264294;11.4534211879689
B;G-Polanec;Nataša Pirc Musar;branila;f1;f;TRUE;i;i;178.093224781902;369.897377227981;1939.51473991591;2527.34168667009;3546.28438124568;3.72638862054987;12.8045797221597
B;G-Polanec;Nataša Pirc Musar;pravice;f1;f;TRUE;i;i;183.509614015509;360.501050634356;2078.92600492933;2454.51658259727;3675.14970697798;3.63506304311517;13.2697096565107
B;G-Polanec;Nataša Pirc Musar;svoboščine;f1;f;TRUE;O;ɔ;150.806859406254;689.17770009534;1001.09814835708;2401.15928491593;3688.72205500205;6.44456200801143;8.53401612264854
B;G-Polanec;Nataša Pirc Musar;želim;f1;f;TRUE;i;i;253.671833846505;366.63948418509;2019.52456067087;2512.60864356959;3641.32584978474;3.69480777009812;13.0755080565852
B;G-Polanec;Nataša Pirc Musar;slovenijo;f1;f;TRUE;e;e;229.666937534458;458.462350819827;2045.72175564108;2587.13934685671;3691.3320660153;4.55231009728679;13.1618646911759
B;G-Polanec;Nataša Pirc Musar;mladi;f1;f;TRUE;a;a;187.610663408166;911.413937672334;1447.58547162813;2594.33628567447;3608.14253170145;7.97974753183901;10.8592275975126
B;G-Polanec;Nataša Pirc Musar;počutili;f1;f;TRUE;i;i;179.522442233923;355.27108162044;2010.14616365321;2532.0078250867;3647.7363748546;3.58391036404154;13.0443160140867
B;G-Polanec;Nataša Pirc Musar;dobro;f1;f;TRUE;O;ɔ;170.557596545145;664.730246091817;1065.01911275822;2689.94442942006;3689.6913863393;6.2598093239324;8.90900231658802
B;G-Polanec;Nataša Pirc Musar;želeli;f1;f;TRUE;e;e;180.515196767251;439.983220144099;2052.12269845869;2507.33913370658;3792.8931030047;4.38501358553459;13.1827933716517
B;G-Polanec;Nataša Pirc Musar;ostati;f1;f;TRUE;a;a;178.356997446137;788.433570171295;1395.22685355214;2518.57999916229;3715.20787268255;7.16089136652301;10.6185850514494
B;G-Polanec;Nataša Pirc Musar;starejši;f1;f;TRUE;e;e;205.461072732309;527.40172609379;1847.19946031949;2480.107039196;3771.15956814648;5.15450207630087;12.4778337232717
B;G-Polanec;Nataša Pirc Musar;preskrbljeni;f1;f;TRUE;E;ɛ;182.52834874911;720.512651815915;2004.26166673364;2696.14433041696;3743.94801942228;6.67643649344404;13.0246691420608
B;G-Polanec;Nataša Pirc Musar;slišani;f1;f;TRUE;i;i;148.225214728618;306.889679139409;2203.70897421769;2576.68166946312;3873.58831917275;3.09951597223341;13.6596174695728
B;G-Polanec;Nataša Pirc Musar;slovenijo;f1;f;TRUE;e;e;274.851850651254;567.688153201431;2110.59762448721;2566.42843793815;3720.37706469935;5.49120137646486;13.3709372904133
B;G-Polanec;Nataša Pirc Musar;delimo;f1;f;TRUE;i;i;172.793848542907;381.857579715473;2038.31334040205;2609.04419651791;3744.58523132709;3.84157314810564;13.1375582936389
B;G-Polanec;Nataša Pirc Musar;preteklosti;f1;f;TRUE;E;ɛ;154.676759126929;633.392275886678;1873.95710524469;2571.65670214465;3864.83120360333;6.01788983310131;12.5741606915432
B;G-Polanec;Nataša Pirc Musar;ljudje;f1;f;TRUE;e;e;267.540430298284;558.071346376;2076.87831206917;2597.383645901;3757.63898917745;5.41180654089634;13.2631102307699
B;G-Polanec;Nataša Pirc Musar;imajo;f1;f;TRUE;a;a;213.07120545838;925.370512824516;1437.94323313367;2608.37389520517;213.07120545838;8.06826609392335;10.8154685482667
B;G-Polanec;Nataša Pirc Musar;prepirov;f1;f;TRUE;i;i;186.194125179278;369.906143871271;1906.15400055635;2291.54259387352;3631.09937766257;3.72647348210809;12.688301378466
B;G-Polanec;Nataša Pirc Musar;dovolj;f1;f;TRUE;O;ɔ;149.80493718998;695.054172485805;927.700885112782;2590.80800294477;3629.27245650053;6.48846408915186;8.08296294851615
B;G-Polanec;Nataša Pirc Musar;želijo;f1;f;TRUE;i;i;233.983735592221;418.962950894489;1881.74007242115;2581.98823021406;3580.83436473221;4.19155176240045;12.6019273013223
B;G-Polanec;Nataša Pirc Musar;predsednice;f1;f;TRUE;e;e;199.075941093271;398.634583987749;2098.85820198092;2587.26653292093;3760.63902955159;4.00117802531427;13.3336004499112
B;G-Polanec;Nataša Pirc Musar;umeščena;f1;f;TRUE;E;ɛ;166.947699001111;671.175974292112;1966.41892751159;2558.2638863882;3807.757275083;6.3088538229993;12.8969145549371
B;G-Polanec;Nataša Pirc Musar;strankarske;f1;f;TRUE;a;a;190.241310952811;853.721732828503;1391.17443694693;2207.26885056119;3305.49425194215;7.60452140276986;10.5996464437485
B;G-Polanec;Nataša Pirc Musar;zdrahe;f1;f;TRUE;a;a;NA;770.885111596448;1406.77320858579;2338.30272607435;3391.16113779267;7.03803343873328;10.6722959033904
B;G-Polanec;Nataša Pirc Musar;vseeno;f1;f;TRUE;E;ɛ;235.780678080029;715.226992937683;1902.95591524217;2542.55645709974;3613.85914869269;6.63770417287201;12.6770490078177
B;G-Polanec;Nataša Pirc Musar;ideja;f1;f;TRUE;E;ɛ;196.847901100568;584.582710782791;1651.38219339318;2592.37388702155;3249.52418355681;5.62922697645982;11.7294492174955
B;G-Polanec;Nataša Pirc Musar;leva;f1;f;TRUE;e;e;219.704837331918;447.410232766999;2115.46523128499;2610.97141580724;3890.26958965158;4.45256100153587;13.3863554667029
B;G-Polanec;Nataša Pirc Musar;desna;f1;f;TRUE;e;e;190.25556250253;432.404580275278;2062.07801259597;2561.5652043729;3864.19777122277;4.3156548247564;13.2152111432358
B;G-Polanec;Nataša Pirc Musar;dobra;f1;f;TRUE;O;ɔ;185.402271620142;724.070858812802;1079.33934169079;2505.84391494739;3796.6006347563;6.70242445743684;8.99084795330301
B;G-Polanec;Nataša Pirc Musar;želijo;f1;f;TRUE;i;i;251.369828952017;418.242681741039;1873.77925941617;2282.21581021644;3478.86672078099;4.1848621053544;12.5735248890667
B;G-Polanec;Nataša Pirc Musar;predsednice;f1;f;TRUE;e;e;237.707606749189;513.837147324712;2044.74009063992;2603.98369800227;3764.83808209659;5.03866644785948;13.1586490981482
B;G-Polanec;Nataša Pirc Musar;zavzela;f1;f;TRUE;e;e;196.94626826607;440.234573540041;2130.0153760008;2599.24595825737;3908.46991858324;4.38730643609597;13.4322243392198
B;G-Polanec;Nataša Pirc Musar;kakovostno;f1;f;TRUE;O;ɔ;204.413751465537;682.094457132286;1032.67959621463;2328.95042934825;3886.89784042054;6.39138479241395;8.72128771203365
B;G-Polanec;Nataša Pirc Musar;zdravstvo;f1;f;TRUE;a;a;181.919426976394;800.841535152805;1380.8436364401;2277.90176901326;3400.82571312713;7.24681778692103;10.5511585101322
B;G-Polanec;Nataša Pirc Musar;pravno;f1;f;TRUE;a;a;188.860602186221;864.79698691038;1278.54249109661;2318.60136311444;3423.08281544589;7.67774283125602;10.0543058352751
B;G-Polanec;Nataša Pirc Musar;državo;f1;f;TRUE;a;a;170.471520589406;823.542693625267;1344.74641324747;2603.38195621723;3723.35937082567;7.40204274059028;10.3793548584071
B;G-Polanec;Nataša Pirc Musar;socialno;f1;f;TRUE;a;a;182.653874561228;886.381334374799;1386.31184861808;2341.30946516364;3368.75051536363;7.81880530152438;10.5768610287471
B;G-Polanec;Nataša Pirc Musar;državo;f1;f;TRUE;a;a;168.715683875573;806.021142843147;1355.29027347334;2565.92635400138;3552.36133584817;7.28245902459473;10.42992484355
B;G-Polanec;Nataša Pirc Musar;opozarjala;f1;f;TRUE;a;a;164.414185708048;787.653717232131;1345.25899412364;2559.53038716958;3535.25265833951;7.15546488466014;10.3818207367642
B;G-Polanec;Nataša Pirc Musar;podnebne;f1;f;TRUE;e;e;162.840437905142;483.531037601867;2081.86213576051;2677.29166799862;3803.59988267169;4.77521893056397;13.2791607246859
B;G-Polanec;Nataša Pirc Musar;spremembe;f1;f;TRUE;e;e;141.134461796891;457.703888764753;2052.86949307861;2645.99583422068;3849.6045449781;4.5454938662288;13.1852307605234
B;G-Polanec;Nataša Pirc Musar;vrednote;f1;f;TRUE;O;ɔ;191.161234994984;768.68186256655;1160.38857389195;2596.77877989232;3649.40971265761;7.02249669011445;9.43991782572795
B;G-Polanec;Nataša Pirc Musar;živim;f1;f;TRUE;i;i;185.599476829386;387.918983476473;2043.46307308483;2505.3952023032;3702.89737686059;3.89950034485653;13.1544636728946
B;G-Polanec;Nataša Pirc Musar;celo;f1;f;TRUE;e;e;180.300588887531;448.02099946909;1958.92735363671;2520.11500308473;3804.11709516772;4.45809727922411;12.8713309285418
B;G-Polanec;Nataša Pirc Musar;svoje;f1;f;TRUE;O;ɔ;138.867365709514;708.242076091642;1255.79858132495;2512.96009159686;3466.34244382272;6.58628462430587;9.93954873381724
B;G-Polanec;Nataša Pirc Musar;življenje;f1;f;TRUE;E;ɛ;128.063533312358;668.36704372154;1896.12911574601;2491.25457245958;3147.80562891797;6.2875106992678;12.6529666661242
B;G-Polanec;Nataša Pirc Musar;zavedam;f1;f;TRUE;e;e;188.450930517925;491.978986537869;1918.98503504851;2568.75013341885;3761.88788828735;4.8493106309219;12.733260446945
B;G-Polanec;Nataša Pirc Musar;odgovornosti;f1;f;TRUE;o;o;178.413067169153;542.771585186658;898.122778907595;2433.92291986084;3424.34257343303;5.28423661870807;7.89464567310007
B;G-Polanec;Nataša Pirc Musar;tudi;f1;f;TRUE;u;u;166.770115238323;415.440581443854;1279.8780933003;2469.3300129995;3592.61988978461;4.15879839618627;10.0609946896883
B;G-Polanec;Nataša Pirc Musar;predsednica;f1;f;TRUE;e;e;162.492895309157;470.843716485207;2039.09537837632;2571.03245017982;3832.34843520524;4.66297886300179;13.1401283469926
B;G-Polanec;Nataša Pirc Musar;takšna;f1;f;TRUE;a;a;139.315404078572;776.709008625034;1331.1666175429;2613.4095251614;3891.75375567324;7.07898161098218;10.3137466599516
B;G-Polanec;Nataša Pirc Musar;želite;f1;f;TRUE;i;i;195.370776187133;365.872388649043;2010.23603156057;2493.57376839518;3717.44576755316;3.68735895208693;13.044615609177
B;G-Polanec;Nataša Pirc Musar;takšno;f1;f;TRUE;a;a;173.109195791979;812.954064409456;1376.10887611684;2590.28801063225;3667.35021531364;7.32995655195217;10.5288354093634
B;G-Polanec;Nataša Pirc Musar;slovenijo;f1;f;TRUE;e;e;185.016680105566;428.936400904936;2033.50000253648;2652.52401062856;3865.37152224687;4.28376771014297;13.1217177997686
B;G-Polanec;Nataša Pirc Musar;pojdite;f1;f;TRUE;i;i;225.356601986335;336.62302302259;2008.09331065401;2632.83225860405;3609.98168465141;3.39962325848236;13.0374686666481
B;G-Polanec;Nataša Pirc Musar;nedeljo;f1;f;TRUE;e;e;158.399451874599;481.569904060711;1993.05526821347;2633.45171353447;3833.53344701817;4.75794572147815;12.9870919998171
B;G-Polanec;Nataša Pirc Musar;volitve;f1;f;TRUE;i;i;175.124398908282;375.155461454842;2190.49543970233;2565.40528901998;3651.53996762446;3.77717272902167;13.619439167347
B;G-Polanec;Nataša Pirc Musar;zaupajte;f1;f;TRUE;u;u;155.098743558524;539.474480298215;2232.36206717407;3027.53979417326;4056.64838935936;5.25654070317594;13.745872661275
B;G-Polanec;Nataša Pirc Musar;glas;f1;f;TRUE;a;a;NA;796.271673381958;1438.35056560097;2486.33548681543;3851.06310905393;7.21526102398903;10.8173221550769
B;G-Polanec;Nataša Pirc Musar;svetla;f1;f;TRUE;@;ə;173.557358841421;560.696899710267;1460.5979026066;2642.46311842916;3698.0806939251;5.4335428134815;10.9178903641503
B;G-Polanec;Nataša Pirc Musar;prihodnost;f1;f;TRUE;o;o;158.315493836497;527.010294179244;970.700505740449;2526.33348348931;3505.79217914788;5.15117712259345;8.34995225302842
B;G-Polanec;Nataša Pirc Musar;slovenija;f1;f;TRUE;e;e;165.293453179267;434.534731515561;2127.87612350997;2664.67571120511;3890.03599975831;4.33519405987429;13.4255008879082
B;G-Polanec;Nataša Pirc Musar;številko;f1;f;TRUE;i;i;138.874586640799;352.654806241052;1861.31765181705;2495.72740489291;4104.1457860621;3.55823458209488;12.528827030903
B;G-Polanec;Nataša Pirc Musar;pet;f1;f;TRUE;e;e;NA;433.305064068116;2109.17988945738;2523.75914295628;3119.97278360265;4.32391893498102;13.3664396690491
B;G-Polanec;Nataša Pirc Musar;Slovenijo *druga beseda*;f1;f;TRUE;e;e;159.684108275503;457.259058241158;1883.13402103013;2421.22921717373;3578.95611622599;4.54149422386089;12.6068884945327
B;G-Polanec;Nataša Pirc Musar;Važno;f1;f;TRUE;a;a;179.571068364117;856.696124460547;1353.78600771435;2564.57220916366;3790.80974549337;7.62424244643575;10.4227298329852
B;G-Polanec;Nataša Pirc Musar;znótraj;f1;f;TRUE;o;o;221.170750495153;599.13328286474;1011.69471652816;2735.81883339229;3615.59040717686;5.74664194794213;8.59729534405488
B;G-Polanec;Nataša Pirc Musar;evrópske ;f1;f;TRUE;o;o;200.124050159597;740.425869544308;1682.18531894467;3219.02540406231;3752.04473523883;6.82099518426428;11.8525078768848
B;G-Polanec;Nataša Pirc Musar;uníje;f1;f;TRUE;i;i;182.70222274029;405.593476501494;2080.80696164297;2752.29002184245;3647.20935709339;4.06671588251363;13.2757658213313
B;G-Polanec;Nataša Pirc Musar;Slovénija;f1;f;TRUE;e;e;158.503743879005;431.777555368275;2071.10260702364;2714.24410023472;3679.59877547342;4.30989668413835;13.244459820883
B;G-Polanec;Nataša Pirc Musar;sevéda;f1;f;TRUE;e;e;164.80619961306;494.994554369308;1838.96303961653;2491.22807133628;3657.72266086931;4.8756348023348;12.4479096500754
B;G-Polanec;Nataša Pirc Musar;lahkó;f1;f;TRUE;o;o;175.889495311881;701.928562245886;1663.35942218224;2878.6401211431;3851.45867421948;6.53957542764962;11.7775469233598
B;G-Polanec;Nataša Pirc Musar;predlága;f1;f;TRUE;a;a;159.482773813535;871.533771158759;1373.18147518863;2734.50346031062;3856.26351203294;7.72200131559944;10.515001786986
B;G-Polanec;Nataša Pirc Musar;razprávlja;f1;f;TRUE;a;a;151.018430863507;860.291877222063;1274.30840932771;2739.37089906405;3733.1915809512;7.64802774762503;10.0330645350786
B;G-Polanec;Nataša Pirc Musar;znótraj;f1;f;TRUE;o;o;167.56449299749;648.794786458146;1315.49546175087;3172.29924148008;4137.42125573008;6.13751877734249;10.2373583252924
B;G-Polanec;Nataša Pirc Musar;sedemindvajsetérice;f1;f;TRUE;e;e;176.507482919099;454.332226974256;2107.33783212354;2579.30755751261;3724.59484108621;4.51514120678624;13.3605912444787
B;G-Polanec;Nataša Pirc Musar;sáma;f1;f;TRUE;a;a;177.488805007397;917.365559341264;1398.55974938285;2796.05687157584;3492.2536091305;8.01760027487432;10.6341267921001
B;G-Polanec;Nataša Pirc Musar;nikákor;f1;f;TRUE;a;a;163.479031893479;783.957343796657;1365.79373731858;2349.91103280341;3869.72447649149;7.12970230357412;10.4799822747978
B;G-Polanec;Nataša Pirc Musar;zahtéva ;f1;f;TRUE;e;e;166.048836486615;411.339021382772;2189.89737871371;2734.8603423706;3798.99999138312;4.12053670682713;13.6176145951138
B;G-Polanec;Nataša Pirc Musar;vèndarle;f1;f;TRUE;@;ə;162.168293204887;625.736001172806;1475.64630150996;2700.77923534023;3861.29749934136;5.95789442689969;10.9851776031469
B;G-Polanec;Nataša Pirc Musar;skúpne;f1;f;TRUE;u;u;166.395855139705;652.970655607948;2027.82293758115;3156.60944048429;4635.55382506493;6.1697090990201;13.1029856684978
B;G-Polanec;Nataša Pirc Musar;družíne;f1;f;TRUE;i;i;189.088600599231;324.562551171021;2115.91912412705;2854.10845273821;3832.88034081237;3.27883508417611;13.3877912981764
B;G-Polanec;Nataša Pirc Musar;potrébno;f1;f;TRUE;e;e;221.049134633627;449.133523595554;1997.62899304644;2685.68514987564;3798.46443926;4.46817450949153;13.0024542542198
B;G-Polanec;Nataša Pirc Musar;podpírati;f1;f;TRUE;i;i;217.978453285962;418.826398039664;1930.43463471533;2408.09148679638;3663.74955991957;4.19028380914922;12.7731286774222
B;G-Polanec;Nataša Pirc Musar;Ukrajíno ( pri njej naglas na U);f1;f;TRUE;u;u;195.983034160585;357.162669206612;1294.50412126141;2777.24434081309;3963.81103673857;3.60243804100637;10.1338843270436
B;G-Polanec;Nataša Pirc Musar;Ukrajína (pri njej U);f1;f;TRUE;u;u;181.174385813693;590.202350757078;2523.46546487861;3532.44940204632;4437.8775149757;5.67473313386281;14.5596911425696
B;G-Polanec;Nataša Pirc Musar;napádena;f1;f;TRUE;a;a;141.311532313287;835.908055915531;1318.24085809701;2571.20270951587;3648.48356183819;7.48553360514815;10.2507933996944
B;G-Polanec;Nataša Pirc Musar;Ukrajíni (pri njej U);f1;f;TRUE;u;u;180.493946618164;414.115670517765;1988.48488821196;2981.77743790125;4202.32237983426;4.14645332721298;12.9717054293715
B;G-Polanec;Nataša Pirc Musar;odvzélo;f1;f;TRUE;e;e;174.715167516505;484.415731690547;2004.40465086084;2699.07601202007;3759.70292159264;4.78300203899509;13.0251472218938
B;G-Polanec;Nataša Pirc Musar;ozémlje;f1;f;TRUE;e;e;149.354685621791;448.418121129965;2107.69878718461;2646.33321981853;3798.04322540537;4.46169547098986;13.3617376730173
B;G-Polanec;Nataša Pirc Musar;zavédati;f1;f;TRUE;e;e;201.273513557785;447.934689464353;1982.04155891979;2660.04961239978;3806.07321271969;4.45731509499983;12.9499528113551
B;G-Polanec;Nataša Pirc Musar;móramo;f1;f;TRUE;o;o;193.648866628984;587.449574299026;964.298712604685;2643.50094168851;3620.78359745428;5.65246706268588;8.31070029285906
B;G-Polanec;Nataša Pirc Musar;pogájanj;f1;f;TRUE;a;a;173.140143308786;921.223463173512;1582.95093288244;2462.69720794303;3774.14081793584;8.04205328339175;11.4484087656137
B;G-Polanec;Nataša Pirc Musar;samó;f1;f;TRUE;o;o;227.943820165106;436.371874264611;823.034435679704;2653.64831475534;3466.08311484713;4.35201771798227;7.39859511103526
B;G-Polanec;Nataša Pirc Musar;pomíslite;f1;f;TRUE;i;i;259.938383189481;298.755298326385;2121.70817780037;2552.03572440763;3769.72972456222;3.0160368611266;13.4060762134353
B;G-Polanec;Nataša Pirc Musar;počútili;f1;f;TRUE;u;u;234.256423334316;396.066195027571;1001.95374820054;2530.06292920386;3599.0473667368;3.97689149188566;8.53914228676799
B;G-Polanec;Nataša Pirc Musar;Slovẹ́nci;f1;f;TRUE;e;e;179.454273371811;439.384863537325;2309.96830849078;2803.2041759025;3801.55986104379;4.37955343198631;13.9736791555315
B;G-Polanec;Nataša Pirc Musar;nekdọ̄;f1;f;TRUE;o;o;211.623397645006;502.050796468838;826.483241510373;2660.28760718507;3242.96358711035;4.93697975225951;7.42196446000611
B;G-Polanec;Nataša Pirc Musar;sílo;f1;f;TRUE;i;i;252.733076457645;331.330110653539;2036.67616325645;2488.3636509501;3770.84639394221;3.34677018921021;13.1321746937874
B;G-Polanec;Nataša Pirc Musar;želél;f1;f;TRUE;e;e;212.571028493046;431.881467250831;2110.97256306764;2656.69457926193;3885.24008284342;4.31085114397541;13.3721262214542
B;G-Polanec;Nataša Pirc Musar;skléne;f1;f;TRUE;e;e;207.728158813711;434.460596159351;2141.6385816863;2594.39469728611;3884.2640461609;4.33451462250625;13.4686323103592
B;G-Polanec;Nataša Pirc Musar;mír ;f1;f;TRUE;i;i;239.76638473068;412.088634808748;2021.35903225216;2439.63388886828;3694.85239142947;4.12753940940461;13.0815922265933
B;G-Polanec;Nataša Pirc Musar;Slovéniji;f1;f;TRUE;e;e;204.485931283859;432.019261505002;2237.66627710816;2692.11079153481;3740.85559866661;4.31211669502264;13.7617109005147
B;G-Polanec;Nataša Pirc Musar;odvzélo;f1;f;TRUE;e;e;183.516507810074;410.216505748509;2042.36020221942;2571.17597745441;3843.23968027675;4.11004216173679;13.1508468640926
B;G-Polanec;Nataša Pirc Musar;tretjíno;f1;f;TRUE;i;i;185.79963919792;319.556788686378;2023.93638341667;2425.264035846;3705.91307147369;3.22832598126183;13.0901307493935
B;G-Polanec;Nataša Pirc Musar;ozémlja;f1;f;TRUE;e;e;123.657290761698;472.959557139111;2083.57306747874;2619.60065028091;3768.85854866611;4.68177825981205;13.2846616882913
B;G-Polanec;Nataša Pirc Musar;sevéda;f1;f;TRUE;e;e;231.378426433224;460.887840372757;2054.85808678379;2520.93696391927;3921.68285710025;4.57407908798081;13.1917167122351
B;G-Polanec;Nataša Pirc Musar;mír ;f1;f;TRUE;i;i;177.817757191107;462.274825985982;1895.23831550857;2412.1498573626;3631.0976053302;4.58650781807526;12.6498179724415
B;G-Polanec;Nataša Pirc Musar;vèčkrat;f1;f;TRUE;E;ɛ;188.247633929763;585.210945370363;1888.11590196667;2576.81653991583;3845.52516869579;5.63432420814393;12.6245900958585
B;G-Polanec;Nataša Pirc Musar;rêkla;f1;f;TRUE;E;ɛ;169.20710506553;665.694413097666;1908.79760652428;2564.94948573242;3898.89672311061;6.26716082957768;12.6975887848502
B;G-Polanec;Nataša Pirc Musar;predsédnica;f1;f;TRUE;e;e;213.746252113742;425.753070379353;2143.22746654461;2661.56331535582;3851.66797129001;4.25441795112328;13.4735932315614
B;G-Polanec;Nataša Pirc Musar;skúpaj;f1;f;TRUE;u;u;238.917256369385;365.635439184808;1245.16750467839;2699.50738772723;3861.80959113298;3.68505708047723;9.88534982234175
B;G-Polanec;Nataša Pirc Musar;ostálimi;f1;f;TRUE;a;a;188.07335628651;926.850497002986;1442.75231356088;2608.03075134772;3647.90130441899;8.07760259336157;10.8373244368731
B;G-Polanec;Nataša Pirc Musar;žénskami;f1;f;TRUE;e;e;191.865583515784;429.672293083067;2213.48745852697;2520.41320085689;3954.94276967705;4.29054138172016;13.6891870354999
B;G-Polanec;Nataša Pirc Musar;vodíteljicami;f1;f;TRUE;i;i;193.866670262283;334.255286019545;2096.99480120515;2480.75900703595;3619.21601566522;3.37601005598278;13.327654094999
B;G-Polanec;Nataša Pirc Musar;obudíla;f1;f;TRUE;i;i;240.162415608561;288.864032981513;2139.34594443006;2686.37414214776;3648.36310213957;2.91371407548676;13.4614673090964
B;G-Polanec;Nataša Pirc Musar;pobúdo;f1;f;TRUE;u;u;205.464930311432;443.996743627938;857.388503749011;2594.94849953696;4103.74396501532;4.42156772912306;7.62882713900602
B;G-Polanec;Nataša Pirc Musar;próti;f1;f;TRUE;o;o;207.78800047184;439.021802553772;869.308265007429;2787.15747111921;3800.555260848;4.37623908208638;7.70740377572041
B;G-Polanec;Nataša Pirc Musar;jêdrskemu;f1;f;TRUE;E;ɛ;169.155224998701;656.078675094353;1931.47516503624;2604.47366306286;3888.144579552;6.19360103185552;12.7767402407897
B;G-Polanec;Nataša Pirc Musar;oróžju;f1;f;TRUE;o;o;138.788085101538;549.608967338299;763.203761646575;2845.90474276608;3896.75902583671;5.34143917881669;6.98375755935821
B;G-Polanec;Nataša Pirc Musar;nàmreč;f1;f;TRUE;a;a;168.827994057479;750.720616620664;1441.22938389465;2712.18791498554;3813.93847017804;6.89489639404123;10.8304098462688
B;G-Polanec;Nataša Pirc Musar;tísto;f1;f;TRUE;i;i;187.489491156017;293.008638679242;2034.07930483226;2778.34857269858;3478.99011451318;2.95669839437259;13.1236262804234
B;G-Polanec;Nataša Pirc Musar;móramo;f1;f;TRUE;o;o;157.201995193812;589.733512174216;995.179408833341;2501.56348494108;3451.89586561899;5.67094428923615;8.49847382838087
B;G-Polanec;Nataša Pirc Musar;báti;f1;f;TRUE;a;a;NA;808.353676839554;1360.57570981775;2561.8549820654;3840.6985220541;7.29846579805868;10.4551537708851
B;G-Polanec;Nataša Pirc Musar;Pútin;f1;f;TRUE;u;u;249.288059636153;516.764360891552;2484.32021077052;3412.59831856834;4904.104287423;5.06377094335909;14.4564595015781
B;G-Polanec;Nataša Pirc Musar;začnè;f1;f;TRUE;E;ɛ;188.707005465788;662.820040636292;1681.25259312647;2442.07294089569;3858.83727552799;6.24522857616566;11.8488121996279
B;G-Polanec;Nataša Pirc Musar;rožljáti;f1;f;TRUE;a;a;146.363916228548;909.00721663974;1465.87622373711;2514.29498156352;3787.60826459792;7.96439601851361;10.9415590966452
B;G-Polanec;Nataša Pirc Musar;jêdrskim;f1;f;TRUE;E;ɛ;146.956244958838;565.129772746521;1650.67283373145;2613.81409179994;3968.86233292434;5.47013883280728;11.7265905885761
B;G-Polanec;Nataša Pirc Musar;oróžjem;f1;f;TRUE;o;o;175.20440827021;593.986820475307;709.180441009026;2542.52611479534;3149.07637147296;5.70526579278875;6.59320805717596
B;G-Polanec;Nataša Pirc Musar;stráh;f1;f;TRUE;a;a;132.729414335757;854.427054983741;1470.24293140989;2338.34534575517;3804.29706137217;7.60920165511144;10.9610849695704
B;G-Polanec;Nataša Pirc Musar;upravíčeno;f1;f;TRUE;i;i;176.286433710078;328.891801498136;2073.47814048229;2811.67095863783;3658.07809417638;3.32233989321544;13.252137155622
B;G-Polanec;Nataša Pirc Musar;àmpak;f1;f;TRUE;a;a;NA;877.119769032279;1344.59267116632;2796.32200928143;3879.60861222226;7.75854011185308;10.3786151005855
B;G-Polanec;Nataša Pirc Musar;mirú;f1;f;TRUE;u;u;197.314090738373;365.579060337703;986.459744934262;2426.5176227008;3690.29632861336;3.68450931288939;8.44585171735568
B;G-Polanec;Nataša Pirc Musar;sklèpa;f1;f;TRUE;e;e;159.772145331454;466.572667782937;2037.50241889414;2531.57040890453;3814.66690228435;4.62493040424351;13.1348922568165
B;G-Polanec;Nataša Pirc Musar;bojíšču;f1;f;TRUE;i;i;177.371959594859;366.417802863519;2147.18695667538;2517.21292423098;3746.49335371745;3.69265565655459;13.4859391125123
B;G-Polanec;Nataša Pirc Musar;premírje;f1;f;TRUE;i;i;204.164700123643;346.683758149348;2099.17718706743;2788.02421551958;3711.00184468579;3.49941734997131;13.3346178256478
B;G-Polanec;Nataša Pirc Musar;absolútno;f1;f;TRUE;u;u;210.496079017339;414.175287403186;945.408292333875;2478.27310966179;3661.5381530249;4.14700911309912;8.19386727343948
B;G-Polanec;Nataša Pirc Musar;potém;f1;f;TRUE;e;e;178.406361660496;405.647014900261;2110.45088505419;2689.55217121605;3798.54781582998;4.06721860487902;13.3704719197219
B;G-Polanec;Nataša Pirc Musar;Ukrajína (pri njej U);f1;f;TRUE;u;u;201.510368680457;541.982479491711;1747.63877346324;3027.24399697773;4448.61551832009;5.27761471923845;12.1072061517697
B;G-Polanec;Nataša Pirc Musar;enakovréden;f1;f;TRUE;e;e;162.581504465257;460.860788518923;2063.40352215849;2465.74343828884;3768.46819827827;4.57383653566114;13.2195153355612
B;G-Polanec;Nataša Pirc Musar;pogajálski;f1;f;TRUE;a;a;133.169470924206;737.431844823966;1333.25126413671;2526.4747365705;3861.74620495641;6.79939658796857;10.3238533882185
B;G-Polanec;Nataša Pirc Musar;pártner;f1;f;TRUE;a;a;118.886103861834;782.272353606117;1392.77162293205;2403.56842370557;3952.90886907942;7.11793539657016;10.6071162161512
B;G-Polanec;Nataša Pirc Musar;Ukrajíne (pri njej U);f1;f;TRUE;u;u;190.192289888497;367.436462948803;1186.63842195213;2370.38470167252;3664.57942664077;3.70254156600111;9.58040095061186
B;G-Polanec;Nataša Pirc Musar;vèndarle;f1;f;TRUE;@;ə;240.419509175712;656.718811100656;1343.41502893272;2406.18194059322;3671.27968916757;6.19851482968581;10.3729463782886
B;G-Polanec;Nataša Pirc Musar;dodála;f1;f;TRUE;a;a;179.81082075651;788.435941545829;1302.72182986787;2614.69012316157;3622.74070376205;7.16090786265691;10.1745510098457
B;G-Polanec;Nataša Pirc Musar;drúgo;f1;f;TRUE;u;u;165.156644241161;656.67496440182;2145.55195506224;3323.90121981086;4146.71024450269;6.19817833132647;13.4808439851291
B;G-Polanec;Nataša Pirc Musar;obstájajo;f1;f;TRUE;a;a;222.607080721735;916.810499658453;1402.33325647794;2632.18712408038;3579.54908684661;8.01407667754318;10.6516859717101
B;G-Polanec;Nataša Pirc Musar;móžnosti;f1;f;TRUE;o;o;141.24918030096;333.976689159078;1485.41301697441;3071.59023503805;4057.49096574769;3.37322843238533;11.0285338503351
B;G-Polanec;Nataša Pirc Musar;kakó;f1;f;TRUE;o;o;164.705020597142;630.606843239164;752.02316513814;2468.50406625708;3642.79256370868;5.99610391706635;6.90420680048895
B;G-Polanec;Nataša Pirc Musar;lahkó;f1;f;TRUE;o;o;162.428743354001;499.237160188225;846.087894962067;2475.36855082852;3440.36193498235;4.9125610027875;7.55371559018455
B;G-Polanec;Nataša Pirc Musar;predsédnika;f1;f;TRUE;e;e;162.605790247621;453.414813206156;1961.5671895588;2631.08367736139;3732.36314800902;4.50686770941298;12.8803570868533
B;G-Polanec;Nataša Pirc Musar;Pútina;f1;f;TRUE;u;u;146.97128587365;382.549116624004;1123.59800413979;2291.49215118763;3535.20411098986;3.84819712889108;9.23899792078804
B;G-Polanec;Nataša Pirc Musar;ustávi;f1;f;TRUE;a;a;115.187581400641;806.426042720677;1354.27069357906;2513.44142325216;3756.28411293922;7.28523954426;10.4250488332761
B;G-Polanec;Nataša Pirc Musar;èna;f1;f;TRUE;E;ɛ;185.621236788743;709.595492842235;2054.27160634469;2645.20419824576;3819.41292956213;6.59626883515067;13.1898045291836
B;G-Polanec;Nataša Pirc Musar;móžnosti;f1;f;TRUE;o;o;213.152059737792;695.66260534294;1938.2956228284;3210.83719455176;3369.30683498978;6.49299848321122;12.8003655432693
B;G-Polanec;Nataša Pirc Musar;próti;f1;f;TRUE;o;o;197.115871652229;529.484280999024;852.336450382582;2442.04268801209;3437.06869946932;5.17217441497049;7.59532235666484
B;G-Polanec;Nataša Pirc Musar;njému ;f1;f;TRUE;E;ɛ;189.186734324916;757.062180106086;1861.49657815659;2693.70164240089;3726.96754265917;6.94014080033004;12.5294708747462
B;G-Polanec;Nataša Pirc Musar;obŕnejo;f1;f;TRUE;@;ə;175.128851741851;566.477140682578;1256.13103071098;2338.63986284726;3585.3948114383;5.4812367126333;9.94123783570365
B;G-Polanec;Nataša Pirc Musar;sicèr ;f1;f;TRUE;E;ɛ;187.066821292094;618.391960175805;1657.92911373107;2635.22300564185;3940.08415105494;5.9000109170302;11.7557795556118
B;G-Polanec;Nataša Pirc Musar;njegôvi;f1;f;TRUE;O;ɔ;172.995248543048;708.277593287783;1110.02054654997;2406.48125074101;3766.10293087817;6.58654676552892;9.16363246980481
B;G-Polanec;Nataša Pirc Musar;polítični;f1;f;TRUE;i;i;188.600510775181;360.020228731569;2066.77192297112;2391.47254322608;3722.79214648728;3.63036990227904;13.2304404507648
B;G-Polanec;Nataša Pirc Musar;somíšljeniki;f1;f;TRUE;i;i;164.981754973991;369.263630462905;2047.58113447589;2487.4134146372;3801.96439362126;3.72025222702808;13.1679510515831
B;G-Polanec;Nataša Pirc Musar;Índija;f1;f;TRUE;i;i;170.589624661624;399.371747842907;2352.0863453995;2839.86028307092;3725.44603463496;4.00813883694145;14.0938803838976
B;G-Polanec;Nataša Pirc Musar;Kitájska;f1;f;TRUE;a;a;171.391056053548;792.320918833576;1551.90990965729;2415.58959924474;3856.86344891273;7.18789499130447;11.3173154916358
B;G-Polanec;Nataša Pirc Musar;Túrčija;f1;f;TRUE;u;u;192.180839181444;388.257389532355;991.101588528809;2591.47071997164;3605.49886918918;3.90272558611447;8.47390338704125
B;G-Polanec;Nataša Pirc Musar;opozárjajo;f1;f;TRUE;a;a;186.313933094028;831.229437174087;1389.44698496316;2481.3136652902;3851.60932756496;7.45403059019019;10.5915594198372
B;G-Polanec;Nataša Pirc Musar;predáleč;f1;f;TRUE;a;a;134.212908913476;795.272865422968;1412.16688183098;2549.01290307253;3833.75888413673;7.2083499070306;10.6972599276972
B;G-Polanec;Nataša Pirc Musar;predvsèm;f1;f;TRUE;@;ə;231.027364886223;657.807896018712;1426.6083164792;2517.23319257775;3820.51890400896;6.20686931691324;10.7637090417856
B;G-Polanec;Nataša Pirc Musar;osébno;f1;f;TRUE;e;e;236.030795916332;464.168635499159;2067.05765328742;2598.54791737054;3785.99862454537;4.60345521243824;13.2313663512854
B;G-Polanec;Nataša Pirc Musar;velíko;f1;f;TRUE;i;i;251.162115610607;283.23732361917;2062.01061202437;2598.12302650079;3529.58877628227;2.85510444983979;13.214992204421
B;G-Polanec;Nataša Pirc Musar;úpanja;f1;f;TRUE;u;u;193.010043663365;460.653701606651;2109.54479738897;3133.35343800145;4235.20508653026;4.57197957348348;13.367597602141
B;G-Polanec;Nataša Pirc Musar;polágam;f1;f;TRUE;a;a;139.805987819664;832.028863119406;1304.23575350488;2584.90224593166;3803.99408475754;7.45942092429124;10.1820205744703
B;G-Polanec;Nataša Pirc Musar;Rúske;f1;f;TRUE;u;u;170.312683632737;395.523321528351;1029.58175028818;2465.56791113976;3330.92197398539;3.97175133196934;8.70309313169486
B;G-Polanec;Nataša Pirc Musar;mátere;f1;f;TRUE;a;a;144.507927879414;857.689408390941;1402.91130357324;2580.50305926213;3714.21824062645;7.63081892151923;10.6543723052803
B;G-Polanec;Nataša Pirc Musar;àmpak;f1;f;TRUE;a;a;168.25044921214;843.041989098952;1332.11612391722;2631.15617031439;3693.02078817953;7.53336680493623;10.3183516188139
B;G-Polanec;Nataša Pirc Musar;Rúski;f1;f;TRUE;u;u;211.555398158439;616.104765078606;2439.82078726075;2558.83620701475;3918.07774750147;5.88191653991347;14.336877190965
B;G-Polanec;Nataša Pirc Musar;národ ;f1;f;TRUE;a;a;149.954335385486;911.381457999336;1389.31275317199;2767.24395867104;3854.89069262148;7.97954052826786;10.5909306677215
B;G-Polanec;Nataša Pirc Musar;móral;f1;f;TRUE;o;o;244.076664334853;705.118162891686;2131.37900986105;3096.3115182205;3643.91640212382;6.56320067317945;13.4365064313647
B;G-Polanec;Nataša Pirc Musar;upréti;f1;f;TRUE;e;e;197.665342853034;413.997315968521;2209.99932214158;2745.90499530397;3832.14526969853;4.14534986937754;13.6786550259166
B;G-Polanec;Nataša Pirc Musar;predsédnik;f1;f;TRUE;e;e;201.934402785686;404.010737565155;2002.55190401953;2632.82261324794;3728.98234181137;4.05184377169026;13.018949729164
B;G-Polanec;Nataša Pirc Musar;Pútina;f1;f;TRUE;u;u;211.212208296451;648.302776798022;2385.13553426886;3530.90106846395;4595.51059019486;6.13371925857935;14.1865682564855
B;G-Polanec;Nataša Pirc Musar;njíhovem;f1;f;TRUE;i;i;182.851794915947;358.517264165904;2123.6923519394;2714.12583597103;3524.35499683421;3.61568741878478;13.4123313630508
B;G-Polanec;Nataša Pirc Musar;iménu;f1;f;TRUE;e;e;159.7952481361;378.555120180508;2109.96354866037;2677.89607090703;3663.84974225901;3.80988606232041;13.3689261361331
B;G-Polanec;Nataša Pirc Musar;počnè;f1;f;TRUE;E;ɛ;NA;745.031575601484;1968.99511297914;2593.03698446334;3888.10805810117;6.85412694403922;12.9056896511749
B;G-Polanec;Nataša Pirc Musar;dvá;f1;f;TRUE;a;a;217.489651210674;789.250308743448;1417.26868782387;2454.94293199061;3659.41358212257;7.1665712107469;10.720799694306
B;G-Polanec;Nataša Pirc Musar;dní;f1;f;TRUE;i;i;225.617523393099;348.672052612162;1830.97077401761;2588.02298924962;3643.37140205807;3.51903663989666;12.418748322686
B;G-Polanec;Nataša Pirc Musar;nazáj;f1;f;TRUE;a;a;192.996509234621;811.668282380816;1495.89472995178;2482.05489246995;3752.91545564216;7.32116559184258;11.07479147771
B;G-Polanec;Nataša Pirc Musar;Ukrajínski (pri njej na U);f1;f;TRUE;u;u;192.281790370954;528.155253282377;780.653116638634;2466.8744142315;3799.47862637401;5.16089984309494;7.10661403554465
B;G-Polanec;Nataša Pirc Musar;národ ;f1;f;TRUE;a;a;171.548660552203;884.115183183478;1395.13707880833;2347.50886543685;3758.41702754411;7.80409567984431;10.61816599271
B;G-Polanec;Nataša Pirc Musar;nagrádo;f1;f;TRUE;a;a;158.175360450392;735.178822583943;1584.35299386684;2439.1591067325;3887.21961023382;6.78311186787185;11.4542757871666
B;G-Polanec;Nataša Pirc Musar;Saháro;f1;f;TRUE;a;a;159.439239543783;804.515208942097;1300.6488557406;2440.77582157757;3904.97042373926;7.27211035988169;10.164311888572
B;G-Polanec;Nataša Pirc Musar;Brúslju;f1;f;TRUE;u;u;153.210144864128;460.332503154372;987.685088821581;2524.93227071866;3695.77555419662;4.5690987368406;8.45326531952999
B;G-Polanec;Nataša Pirc Musar;želéla;f1;f;TRUE;e;e;181.636181973422;448.223577153726;1971.36490414012;2553.79239531259;3960.17534398339;4.45993291880902;12.9137515643328
B;G-Polanec;Nataša Pirc Musar;drúgo;f1;f;TRUE;u;u;204.99213425673;462.364299079113;862.045675936034;2278.19333822508;3614.94344595664;4.5873090946822;7.65960684049854
B;G-Polanec;Nataša Pirc Musar;léto;f1;f;TRUE;e;e;174.213258120298;431.053413758693;1966.53065404833;2453.37037353742;3853.61646350579;4.30324293651135;12.8972953607729
B;G-Polanec;Nataša Pirc Musar;dobíl;f1;f;TRUE;i;i;169.866304762469;348.247337400731;1863.70791874406;2241.20382170698;3581.68351725921;3.51484864530473;12.5374231304624
B;G-Polanec;Nataša Pirc Musar;rúski;f1;f;TRUE;u;u;198.166604046764;364.614521939563;1037.5592558996;2471.49566619816;3774.22870635518;3.67513390110097;8.74987114714104
B;G-Polanec;Nataša Pirc Musar;národ;f1;f;TRUE;a;a;137.777121627837;873.38415365759;1484.66381609493;2486.30829578964;3821.42577543941;7.73412088503185;11.025216716222
B;G-Polanec;Nataša Pirc Musar;upòr;f1;f;TRUE;O;ɔ;190.871267218108;721.071536840838;1118.64833786349;2463.72616985439;3838.28363716752;6.68052297078282;9.21160041901154
B;G-Polanec;Nataša Pirc Musar;próti;f1;f;TRUE;o;o;172.490192434799;490.647149531965;1150.66791008841;2638.13486696233;3370.00865317297;4.83766383584199;9.38729350774493
B;G-Polanec;Nataša Pirc Musar;počnè;f1;f;TRUE;E;ɛ;154.396749156281;619.837970298287;1864.22540395832;2660.69139521636;3503.73560975863;5.91143398733513;12.5392827437395
B;G-Polanec;Nataša Pirc Musar;gospód;f1;f;TRUE;o;o;142.826125064841;503.362671811634;880.108534722282;2552.84136168002;3268.34946826794;4.9483460777804;7.77803102326217
B;G-Polanec;Nataša Pirc Musar;Pútin;f1;f;TRUE;u;u;NA;613.573328681909;1601.18743926288;2652.83672577209;4063.18992923585;5.8618524328145;11.5243599512199
C;K-Meglič;Nataša Pirc Musar;samo;f1;f;TRUE;o;o;196.987835459014;604.667131646427;1618.84948035305;2632.97494413641;3647.96223842742;5.79094730712041;11.5971807620095
C;K-Meglič;Nataša Pirc Musar;kratko;f1;f;TRUE;a;a;149.095517531532;739.747276525291;1516.07811639294;2421.98287106071;3424.28040309055;6.81610408021918;11.1630785038491
C;K-Meglič;Nataša Pirc Musar;izjava;f1;f;TRUE;a;a;179.300263523171;761.995431159736;1446.99314530931;2489.22219319335;3763.05649613697;6.97519169706632;10.8565466031692
C;K-Meglič;Nataša Pirc Musar;zagotovo;f1;f;TRUE;O;ɔ;186.237873151263;657.980876056042;1081.80737404564;2609.54399183424;3658.55735602475;6.20819562564477;9.00487585888416
C;K-Meglič;Nataša Pirc Musar;šla;f1;f;TRUE;a;a;155.745898194801;718.465965600195;1422.33025209286;2601.71866617116;3762.21864207853;6.66145689552376;10.7440836099652
C;K-Meglič;Nataša Pirc Musar;samo;f1;f;TRUE;o;o;173.303380485358;607.68796812767;1884.32698726116;3106.74059690102;3820.59583832051;5.81505229129646;12.6111315155746
C;K-Meglič;Nataša Pirc Musar;smer;f1;f;TRUE;e;e;155.837475856378;485.510007536052;1832.5705657293;2469.8383290573;3682.70585203642;4.79262115547677;12.4245953109391
C;K-Meglič;Nataša Pirc Musar;rekli;f1;f;TRUE;E;ɛ;137.463955696637;597.990735088797;1924.17417697337;2541.48335969355;3523.45862539951;5.73747055327943;12.7513584906879
C;K-Meglič;Nataša Pirc Musar;seveda;f1;f;TRUE;e;e;163.022023723903;482.975803756952;1873.32973018755;2580.3618119981;3779.42402140293;4.7703313740606;12.5719175498558
C;K-Meglič;Nataša Pirc Musar;prav;f1;f;TRUE;a;a;167.426712099003;709.670027462753;1209.89320250592;2365.1523141079;3722.44473201645;6.59681838600065;9.70291154842089
C;K-Meglič;Nataša Pirc Musar;upozarja;f1;f;TRUE;a;a;153.837616185055;782.022880663781;1418.162465522;2595.79535014876;3551.9608646931;7.11619200607129;10.7249162714025
C;K-Meglič;Nataša Pirc Musar;bilo;f1;f;TRUE;o;o;172.2588523491;499.99410026055;932.760187839913;2692.20621853721;3663.2508384541;4.91913576279129;8.11478871809335
C;K-Meglič;Nataša Pirc Musar;zadnji;f1;f;TRUE;a;a;164.047021709603;746.557887280501;1465.81122145993;2766.81154397416;3865.14953931866;6.86508179450067;10.9412680608809
C;K-Meglič;Nataša Pirc Musar;dve;f1;f;TRUE;e;e;176.284226024181;421.547668584615;1930.23156913724;2541.24616650796;3679.37078598888;4.21552457791881;12.7724236343972
C;K-Meglič;Nataša Pirc Musar;leti;f1;f;TRUE;e;e;191.979609924589;436.285553247845;2077.5144405252;2567.37775571826;3741.64154944258;4.35122780973296;13.2651610999651
C;K-Meglič;Nataša Pirc Musar;vladavine;f1;f;TRUE;i;i;182.802152172073;418.9207482218;1986.74500079912;2692.97785846351;3744.65126485391;4.19115990758483;12.9658385861361
C;K-Meglič;Nataša Pirc Musar;gospoda;f1;f;TRUE;o;o;176.512792446657;530.416605079969;1080.34389043579;2689.36407086026;3753.47601657341;5.18007643989642;8.99656039788708
C;K-Meglič;Nataša Pirc Musar;janeza;f1;f;TRUE;a;a;169.802775406891;886.157018973662;1508.67618789;2689.96363752476;3560.04698705418;7.81735031142136;11.1308199804131
C;K-Meglič;Nataša Pirc Musar;janše;f1;f;TRUE;a;a;176.565999192702;884.045825755216;1616.99428107489;2865.44878079609;3756.29992770719;7.80364511002689;11.5895655539574
C;K-Meglič;Nataša Pirc Musar;ampak;f1;f;TRUE;a;a;163.585610690302;789.332417463054;1289.46246238581;2679.92272904042;3600.99212798381;7.16714203265086;10.1088330429216
C;K-Meglič;Nataša Pirc Musar;predsednik;f1;f;TRUE;e;e;211.607500342889;416.982857045434;1898.31485002352;2589.70516821806;3795.34715856752;4.17315146121157;12.6606863766756
C;K-Meglič;Nataša Pirc Musar;vlade;f1;f;TRUE;a;a;178.375791768156;841.149775116974;1478.93616022939;2625.74107760695;3758.90064060415;7.52070320452406;10.9998093969576
C;K-Meglič;Nataša Pirc Musar;govor;f1;f;TRUE;O;ɔ;157.304124809967;647.778424323411;1084.34508910815;2456.77065859632;3717.05872408316;6.12966839595143;9.01927611294751
C;K-Meglič;Nataša Pirc Musar;zaključil;f1;f;TRUE;u;u;162.7372267163;584.513394190303;1719.71506816736;2806.74526202637;3517.99301117475;5.62866441655288;11.999655183473
C;K-Meglič;Nataša Pirc Musar;takole;f1;f;TRUE;o;o;183.445761979204;573.397187082656;1597.85097895429;2930.43304732406;3749.52041630042;5.53804912552563;11.5105224949459
C;K-Meglič;Nataša Pirc Musar;gospod;f1;f;TRUE;o;o;169.743038776805;498.762720019831;1307.41316023479;2678.74723204661;3665.67699819293;4.90843796510133;10.1976751077834
C;K-Meglič;Nataša Pirc Musar;milan;f1;f;TRUE;i;i;165.207505634151;357.342200494718;1999.64419155281;2521.94245831409;3599.95719947691;3.60419493815722;13.0092116518699
C;K-Meglič;Nataša Pirc Musar;brglez;f1;f;TRUE;@;ə;165.433103451033;588.025288617611;1350.11607829789;2496.22117718244;3653.61194964781;5.65712775664451;10.405148859728
C;K-Meglič;Nataša Pirc Musar;edini;f1;f;TRUE;i;i;197.19128045913;356.301509075927;2067.90071316361;2704.61550209361;3666.34967742554;3.59400692262921;13.2340974959316
C;K-Meglič;Nataša Pirc Musar;pravi;f1;f;TRUE;a;a;156.309112139959;799.861985628122;1494.05533074137;2527.95781496667;3757.39626133748;7.24006239672866;11.0666941990413
C;K-Meglič;Nataša Pirc Musar;kandidat;f1;f;TRUE;a;a;160.707571200404;763.464087148247;1480.27390526629;2582.04169175747;3860.78941911957;6.98560201327169;11.005751074773
C;K-Meglič;Nataša Pirc Musar;tukaj;f1;f;TRUE;u;u;199.804301161378;503.889115481387;1503.02097975867;2772.46818851521;3792.58372105932;4.95290387792739;11.1060809544209
C;K-Meglič;Nataša Pirc Musar;imate;f1;f;TRUE;a;a;158.927887237379;767.461653595673;1437.57780874208;2754.22163116029;3814.77657204108;7.01388128822074;10.8138052700976
C;K-Meglič;Nataša Pirc Musar;zagotovo;f1;f;TRUE;O;ɔ;203.253503574638;676.841895859526;1032.69322127519;2725.93116214409;3766.0509704845;6.35176688048217;8.72136765290984
C;K-Meglič;Nataša Pirc Musar;najmanj;f1;f;TRUE;a;a;203.580490850082;843.419050803533;1631.79423595157;2741.27195721497;3710.51585329361;7.53588823942019;11.6500973530076
C;K-Meglič;Nataša Pirc Musar;tri;f1;f;TRUE;i;i;199.114167031924;320.848681170778;2062.19539303192;2465.62597753405;3630.0939810435;3.24138264945007;13.2155924152681
C;K-Meglič;Nataša Pirc Musar;štiri;f1;f;TRUE;i;i;205.999542523546;294.171247246038;2005.46939653202;2767.87330214442;3516.35052938765;2.96872759148252;13.0287062071504
C;K-Meglič;Nataša Pirc Musar;vseh;f1;f;TRUE;@;ə;224.519629705764;482.628459093585;1538.36437871046;2711.94603761284;3586.00009664954;4.76727267367569;11.2593805585884
C;K-Meglič;Nataša Pirc Musar;šest;f1;f;TRUE;e;e;233.097952570686;484.019869611566;2048.39195901298;2640.0648182444;3737.90705238575;4.77952013346294;13.1706033797804
C;K-Meglič;Nataša Pirc Musar;enakovredno;f1;f;TRUE;e;e;195.22516780352;466.394752864108;1970.77546593068;2500.4481297698;3732.15180021241;4.62334255051739;12.911747232716
C;K-Meglič;Nataša Pirc Musar;demokratičnimi;f1;f;TRUE;a;a;168.476509149734;806.994173948854;1512.10409680724;2466.36454663615;3765.23578715455;7.28913963074672;11.145776331902
C;K-Meglič;Nataša Pirc Musar;vrednotami;f1;f;TRUE;O;ɔ;159.841517102277;720.268809064781;1151.5190961686;2815.54529966126;3785.00103507341;6.67465302051726;9.39191467064913
C;K-Meglič;Nataša Pirc Musar;kandidiramo;f1;f;TRUE;i;i;145.001943124053;393.037367255083;1980.20038629897;2515.97874256028;3627.79168902353;3.94818294887557;12.9437239611669
C;K-Meglič;Nataša Pirc Musar;volitvah;f1;f;TRUE;i;i;99.0963563444528;342.593303349164;2018.72755943693;2528.85717719458;3681.27962264195;3.45894865603554;13.0728629907406
C;K-Meglič;Nataša Pirc Musar;vprašajmo;f1;f;TRUE;a;a;239.769917819501;750.290269365644;1408.85973292944;2330.63104111486;3494.49442868788;6.89181837460568;10.6819626325295
C;K-Meglič;Nataša Pirc Musar;kakšno;f1;f;TRUE;a;a;178.848850704351;772.228047200907;1489.9219998535;2366.62782699507;3720.76029745167;7.0474911858717;11.0484672284674
C;K-Meglič;Nataša Pirc Musar;slovenijo;f1;f;TRUE;e;e;163.260969395121;451.055899624588;2032.03482861237;2662.00435289407;3722.40007994257;4.48556545031499;13.116888390008
C;K-Meglič;Nataša Pirc Musar;želimo;f1;f;TRUE;i;i;137.315044199102;288.375240561857;2070.62578768943;2431.38296763691;3637.06888859929;2.90863429021366;13.2429177284346
C;K-Meglič;Nataša Pirc Musar;želim;f1;f;TRUE;i;i;271.598513858713;314.894354978086;1968.27217014626;2437.43215562674;3591.36151589326;3.18108119306218;12.903228298857
C;K-Meglič;Nataša Pirc Musar;državo;f1;f;TRUE;a;a;206.324023586846;784.798993882764;1303.98404603784;2604.50591709378;3528.20204144712;7.1355744456658;10.1807791524632
C;K-Meglič;Nataša Pirc Musar;počutili;f1;f;TRUE;i;i;184.984017001914;486.722706692494;2053.0952953102;2763.59325747573;3720.80850449847;4.80327120835266;13.1859675554158
C;K-Meglič;Nataša Pirc Musar;omejene;f1;f;TRUE;E;ɛ;141.835556918713;642.126155868667;1978.85832541296;2682.76248825461;3697.94085782447;6.0858983875599;12.9391799809172
C;K-Meglič;Nataša Pirc Musar;kakršenkoli;f1;f;TRUE;o;o;171.168590750891;514.427733179157;1059.56770179909;2561.28955988817;3591.50917901618;5.04373623872758;8.87764138797365
C;K-Meglič;Nataša Pirc Musar;način;f1;f;TRUE;i;i;142.104210230889;390.572941656459;2138.23061315719;2700.32781627972;3757.22698533988;3.92476946502691;13.4579787522698
C;K-Meglič;Nataša Pirc Musar;želim;f1;f;TRUE;i;i;290.287769312999;311.58281080576;2014.4066951295;2553.33093868479;3591.25429329121;3.14740727653214;13.0585045590842
C;K-Meglič;Nataša Pirc Musar;predsednica;f1;f;TRUE;e;e;223.560471229691;442.713637597806;1957.54836160893;2491.00266191766;3746.42690513861;4.40989480821517;12.8666110256725
C;K-Meglič;Nataša Pirc Musar;takšna;f1;f;TRUE;a;a;188.86608354033;741.988153580493;1454.93383455271;2418.87002704936;3643.6026379566;6.83224634113682;10.8924105046144
C;K-Meglič;Nataša Pirc Musar;jasno;f1;f;TRUE;a;a;199.582939346357;821.044521847282;1441.64798466414;2510.58813185688;3424.41069526454;7.38508494661;10.8323110454393
C;K-Meglič;Nataša Pirc Musar;branila;f1;f;TRUE;i;i;184.717447507948;368.821019110634;2096.02469793273;2632.77691870034;3625.20510381295;3.71596456370542;13.3245562062819
C;K-Meglič;Nataša Pirc Musar;pravice;f1;f;TRUE;i;i;192.63853421726;350.690827521997;2015.85655012207;2577.32135605392;3705.42544882828;3.53892214825102;13.0633259732707
C;K-Meglič;Nataša Pirc Musar;svoboščino;f1;f;TRUE;O;ɔ;153.010386631847;671.695223450079;1024.4769203929;2420.66443792205;3617.88490573565;6.31279424920962;8.67302852672681
C;K-Meglič;Nataša Pirc Musar;vseh;f1;f;TRUE;@;ə;193.234968133288;597.689685973921;1447.41767725615;2665.76228359804;3579.75044194993;5.73505262496656;10.8584682192779
C;K-Meglič;Nataša Pirc Musar;želim;f1;f;TRUE;i;i;263.206845949419;354.662548155173;2000.8881164549;2501.99668276187;3643.5448556367;3.57794347695245;13.0133793697178
C;K-Meglič;Nataša Pirc Musar;slovenijo;f1;f;TRUE;e;e;236.943951601201;440.932149486817;1951.31613633166;2503.5280712481;3704.18057247822;4.39366722244454;12.8452383575204
C;K-Meglič;Nataša Pirc Musar;kjer;f1;f;TRUE;e;e;199.086151161298;446.26522829671;1856.90947177842;2402.80430850915;3724.50854434292;4.4421745674328;12.5129456885137
C;K-Meglič;Nataša Pirc Musar;bodo;f1;f;TRUE;o;o;178.936240483441;540.792954940043;953.650437202809;2625.74315644813;3516.19157052856;5.26762474670365;8.24502939094943
C;K-Meglič;Nataša Pirc Musar;mladi;f1;f;TRUE;a;a;190.750328908219;847.632659438097;1494.79382272395;2646.25400307487;3629.95537432613;7.56401882512772;11.0699461743947
C;K-Meglič;Nataša Pirc Musar;dobro;f1;f;TRUE;O;ɔ;178.449769632264;683.048160323206;1076.61250761855;2747.46733334832;3764.25486861166;6.39856129266513;8.97532254505195
C;K-Meglič;Nataša Pirc Musar;želeli;f1;f;TRUE;e;e;188.774728695527;428.905661330205;2035.72297052922;2503.49511906408;3805.81901897166;4.28348467057501;13.1290382372429
C;K-Meglič;Nataša Pirc Musar;ostati;f1;f;TRUE;a;a;189.449492009726;733.16473437927;1437.00199115847;2645.16302041136;3783.20706743402;6.76853108418882;10.8111836328716
C;K-Meglič;Nataša Pirc Musar;tu;f1;f;TRUE;u;u;219.77065850377;420.288061254328;1054.67377501778;2574.3934687181;3429.9503986385;4.20384843861744;8.84939094523085
C;K-Meglič;Nataša Pirc Musar;bodo;f1;f;TRUE;o;o;200.020877570845;502.856517224251;994.404844465413;2538.15042729733;3676.94393685222;4.9439620974658;8.49381199721521
C;K-Meglič;Nataša Pirc Musar;starejši;f1;f;TRUE;E;ɛ;216.729706500601;519.814225485431;1827.51924637553;2494.63732139381;3729.07852893895;5.08986427936405;12.4061167054701
C;K-Meglič;Nataša Pirc Musar;preskrbljeni;f1;f;TRUE;E;ɛ;206.737981208573;666.43799013766;2029.73484796783;2665.12223813812;3813.08883146947;6.27282671156999;13.1093001910227
C;K-Meglič;Nataša Pirc Musar;slišani;f1;f;TRUE;i;i;150.478543416133;304.362420745468;2165.26667499676;2583.32332322915;3836.07183810656;3.07364419821964;13.5420113704428
C;K-Meglič;Nataša Pirc Musar;slovenijo;f1;f;TRUE;e;e;291.495140281671;524.335238100367;2017.70376110265;2540.77432534411;3660.55041145802;5.12842625338268;13.0694636815705
C;K-Meglič;Nataša Pirc Musar;delimo;f1;f;TRUE;i;i;173.508314877805;373.338094035286;2015.73576095867;2491.44268314709;3582.00467712427;3.75964594829722;13.0629244297339
C;K-Meglič;Nataša Pirc Musar;preteklost;f1;f;TRUE;E;ɛ;154.603710456599;616.481344132636;1901.49863148133;2557.78174034931;3765.45948444714;5.8848979280733;12.6719154155334
C;K-Meglič;Nataša Pirc Musar;ljudje;f1;f;TRUE;e;e;268.816432546435;522.239089523122;2081.23828577556;2656.3397494268;3757.75018208856;5.11056462135755;13.2771537721598
C;K-Meglič;Nataša Pirc Musar;imajo;f1;f;TRUE;a;a;214.397314149795;875.534687042207;1444.14054331137;2655.47019345897;3501.30268157954;7.74818649754792;10.8436220563078
C;K-Meglič;Nataša Pirc Musar;prepirov;f1;f;TRUE;i;i;188.760687456103;379.174938304765;1872.79536407732;2431.58232739073;3633.22556001319;3.81584003508432;12.5700063769384
C;K-Meglič;Nataša Pirc Musar;dovolj;f1;f;TRUE;O;ɔ;151.986484214262;670.176476619823;1020.38578443362;2597.37367999883;3630.18367333849;6.30126455501889;8.64885967096843
C;K-Meglič;Nataša Pirc Musar;želijo;f1;f;TRUE;i;i;234.140016857209;375.51284611527;1943.76124970217;2564.71541586318;3572.18898356077;3.78061615486122;12.8192382784657
C;K-Meglič;Nataša Pirc Musar;predsednice;f1;f;TRUE;e;e;206.906446931713;399.978001874827;2012.66729400455;2555.1567201448;3781.72259290723;4.01386024858925;13.0527156313081
C;K-Meglič;Nataša Pirc Musar;umeščena;f1;f;TRUE;E;ɛ;173.834065220746;639.196330045828;1876.48192820269;2578.93148927191;3644.54018246229;6.06313550516844;12.5831806265754
C;K-Meglič;Nataša Pirc Musar;strankarske;f1;f;TRUE;a;a;192.726204599413;813.427781298121;1466.3767474953;2282.53458185605;3460.47513703904;7.33319332475831;10.9437997300173
C;K-Meglič;Nataša Pirc Musar;zdrahe;f1;f;TRUE;a;a;96.5830719638188;757.824501184344;1427.34272552037;2441.82681650026;3408.96156749551;6.94556542664864;10.7670731254607
C;K-Meglič;Nataša Pirc Musar;vseeno;f1;f;TRUE;E;ɛ;243.389232305462;547.756026910626;1775.59833997157;2508.2807049269;3877.41957009764;5.32596801438661;12.2132842512185
C;K-Meglič;Nataša Pirc Musar;vseeno;f1;f;TRUE;E;ɛ;258.223194240406;756.42758744947;1865.02807339751;2401.25017583518;3329.69537980869;6.93562275880933;12.542166187626
C;K-Meglič;Nataša Pirc Musar;ideja;f1;f;TRUE;E;ɛ;229.675536364882;632.028330329239;1747.717245427;2579.87889195083;3438.24642096054;6.00722775243532;12.1075061117967
C;K-Meglič;Nataša Pirc Musar;leva;f1;f;TRUE;e;e;228.965539584235;447.062945662672;2004.36088815104;2554.77400090603;3791.5866827226;4.44941177434249;13.0250009011395
C;K-Meglič;Nataša Pirc Musar;desna;f1;f;TRUE;e;e;211.489287516216;436.395584418259;2009.22907324669;2545.22623733208;3811.97501992028;4.35223467541304;13.0412579092045
C;K-Meglič;Nataša Pirc Musar;važno;f1;f;TRUE;a;a;198.486188866982;786.405301299706;1319.9403583917;2505.93058999129;3569.08338539317;7.14677156677041;10.2590989291749
C;K-Meglič;Nataša Pirc Musar;dobra;f1;f;TRUE;O;ɔ;185.681794789088;686.84930745699;1067.11138364675;2494.1610867843;3783.20059434046;6.42711307819557;8.92100875710226
C;K-Meglič;Nataša Pirc Musar;vse;f1;f;TRUE;E;ɛ;105.859314598927;631.23257404132;1792.17229160702;2596.71685835389;3758.87443870799;6.00100207198072;12.2754192088833
C;K-Meglič;Nataša Pirc Musar;želijo;f1;f;TRUE;i;i;253.307276829174;382.519327478955;1879.23585977739;2417.31591472863;3527.06354572386;3.84791187010085;12.5930055252592
C;K-Meglič;Nataša Pirc Musar;predsednice;f1;f;TRUE;e;e;247.6049332003;477.769759520844;1995.27230327616;2526.87786271388;3802.00696362334;4.72439582746793;12.9945430274232
C;K-Meglič;Nataša Pirc Musar;zavzela;f1;f;TRUE;e;e;204.939331687804;435.86336717394;2021.85323444669;2551.25793029572;3842.57796248525;4.34736364019667;13.0832303286784
C;K-Meglič;Nataša Pirc Musar;kakovostno;f1;f;TRUE;O;ɔ;208.705474935114;649.159762354158;1032.49168064324;2384.14725675738;3826.34419482445;6.14033635878699;8.72018510062998
C;K-Meglič;Nataša Pirc Musar;zdravstvo;f1;f;TRUE;a;a;185.636584749855;767.710833989798;1260.64382050516;2375.08285540826;3462.47909527415;7.01564127648417;9.96413182934402
C;K-Meglič;Nataša Pirc Musar;pravno;f1;f;TRUE;a;a;195.089370092992;822.114111099939;1297.58866205675;2322.98008921168;3462.90343283238;7.39234913393803;10.1491727374742
C;K-Meglič;Nataša Pirc Musar;državo;f1;f;TRUE;a;a;170.472000002419;760.772736223914;1295.68787971032;2615.41195935156;3700.89558329632;6.96651626047629;10.1397550067743
C;K-Meglič;Nataša Pirc Musar;socialno;f1;f;TRUE;a;a;189.367665023613;831.616009622922;1460.25331978779;2523.65805770985;3597.59143879145;7.45663753938068;10.9163426662034
C;K-Meglič;Nataša Pirc Musar;državo;f1;f;TRUE;a;a;172.521644686473;759.687695432938;1317.43736249652;2556.57131694414;3723.04243980138;6.95881099427663;10.2468636840178
C;K-Meglič;Nataša Pirc Musar;opozarjala;f1;f;TRUE;a;a;170.179770720358;724.275853207914;1414.80397829021;2642.16664485047;3804.82271632494;6.70391956951756;10.7094363945184
C;K-Meglič;Nataša Pirc Musar;podnebne;f1;f;TRUE;e;e;166.504314460243;473.581318519782;1980.95600806609;2598.7286366035;3772.35172983216;4.68729643998011;12.9462810007397
C;K-Meglič;Nataša Pirc Musar;spremembe;f1;f;TRUE;e;e;146.771136427616;427.963768034523;1969.32945494953;2563.98171435523;3684.55346176485;4.27480850446458;12.9068276553372
C;K-Meglič;Nataša Pirc Musar;vse;f1;f;TRUE;@;ə;273.0149842659;493.6782558156;1595.98614345142;2409.55087575196;3716.35635261705;4.86415223126586;11.5027770637493
C;K-Meglič;Nataša Pirc Musar;te;f1;f;TRUE;e;e;263.443665550615;481.022282094849;1754.38367674093;2385.32019448688;3643.74797083662;4.75311743713194;12.1329423524426
C;K-Meglič;Nataša Pirc Musar;vrednote;f1;f;TRUE;O;ɔ;196.044324165051;732.774120638327;1201.75987352763;2489.53521896909;3651.33088219893;6.76570075103682;9.66026855234527
C;K-Meglič;Nataša Pirc Musar;živim;f1;f;TRUE;i;i;187.703916163833;377.639339547062;2006.19510062735;2467.77550985994;3644.86939823482;3.80108329500411;13.0311308277073
C;K-Meglič;Nataša Pirc Musar;celo;f1;f;TRUE;e;e;186.612315185931;457.68406723359;1914.86952414185;2493.22192990603;3753.34195523693;4.54531567454674;12.7188724129653
C;K-Meglič;Nataša Pirc Musar;svoje;f1;f;TRUE;O;ɔ;143.982992000144;662.277872938206;1240.22986803478;2453.31305829603;3522.74611592187;6.24108629741762;9.86005450643806
C;K-Meglič;Nataša Pirc Musar;življenje;f1;f;TRUE;E;ɛ;135.529204236525;638.609801607703;1874.10262884711;2506.49163490212;3550.91093695018;6.05857238609277;12.5746808975218
C;K-Meglič;Nataša Pirc Musar;zavedam;f1;f;TRUE;e;e;193.968506827289;495.98050678629;1851.33584055289;2510.06614280392;3792.29999195365;4.88422757639888;12.4928129878008
C;K-Meglič;Nataša Pirc Musar;odgovornosti;f1;f;TRUE;o;o;187.335959870891;567.393200094261;839.559106781015;2510.70540380081;3591.43114949151;5.4887752716751;7.510044447813
C;K-Meglič;Nataša Pirc Musar;bom;f1;f;TRUE;o;o;161.487321627581;581.920055286185;1696.98412067502;2642.08450120886;3739.07394051623;5.607595338523;11.9108919410072
C;K-Meglič;Nataša Pirc Musar;tudi;f1;f;TRUE;u;u;174.3723177612;398.884612010447;1260.80555858352;2419.18443163021;3626.28298162429;4.00353945061587;9.96495115765078
C;K-Meglič;Nataša Pirc Musar;predsednica;f1;f;TRUE;e;e;177.092248697871;452.355222352788;2018.6787773525;2551.06434983437;3855.65242151328;4.49730418758563;13.0727010596803
C;K-Meglič;Nataša Pirc Musar;takšna;f1;f;TRUE;a;a;161.216949119596;749.537718477479;1431.31951336263;2487.16681182084;3848.21448208711;6.88643347326159;10.7852641625333
C;K-Meglič;Nataša Pirc Musar;želite;f1;f;TRUE;i;i;196.238159187502;365.176925426358;1963.93328753495;2486.38981251473;3637.67573052409;3.68060146590154;12.8884369561209
C;K-Meglič;Nataša Pirc Musar;takšno;f1;f;TRUE;a;a;182.05349729458;767.408208602495;1425.91563416153;2514.96799951451;3770.90399807499;7.01350375852794;10.7605347570296
C;K-Meglič;Nataša Pirc Musar;Slovenijo;f1;f;TRUE;e;e;189.155954113786;452.443872867756;1971.25623339681;2565.37840778536;3818.94701771056;4.49810464028129;12.9133820844346
C;K-Meglič;Nataša Pirc Musar;pojdite;f1;f;TRUE;i;i;226.323913331071;318.772378906141;1927.43877460268;2539.50722119038;3632.73835943465;3.220391025266;12.7627195882022
C;K-Meglič;Nataša Pirc Musar;nedeljo;f1;f;TRUE;e;e;158.088072398166;474.866410538317;1939.85152094351;2607.79954038401;3759.66050781212;4.69869279868113;12.8057434243838
C;K-Meglič;Nataša Pirc Musar;volitve;f1;f;TRUE;i;i;187.832954178983;351.702397967758;2107.92746215389;2490.40722071993;3697.61640107884;3.54887334364702;13.3624638617875
C;K-Meglič;Nataša Pirc Musar;zaupajte;f1;f;TRUE;u;u;163.730142973958;545.046906075804;1836.70674750399;2800.37662961862;3768.52611189477;5.3033069598219;12.4396895692443
C;K-Meglič;Nataša Pirc Musar;svoj;f1;f;TRUE;o;o;146.396874038145;591.568832968243;1197.76426857208;2303.56709472292;3485.4507830316;5.68576819992298;9.63923915442818
C;K-Meglič;Nataša Pirc Musar;glas;f1;f;TRUE;a;a;127.263864907045;772.540770749196;1461.76850666711;2521.08889842542;3783.27615557442;7.04969223570167;10.9231458184228
C;K-Meglič;Nataša Pirc Musar;svetla;f1;f;TRUE;@;ə;175.392516144352;551.274679909241;1432.48961816194;2582.57396644875;3755.46657616957;5.35532759343589;10.7906084573752
C;K-Meglič;Nataša Pirc Musar;prihodnost;f1;f;TRUE;o;o;158.997076896115;537.366512018308;1006.6884663228;2499.36446588465;3586.72410635673;5.2387952961168;8.56745599798938
C;K-Meglič;Nataša Pirc Musar;Slovenije;f1;f;TRUE;e;e;175.032023568441;439.584105103007;2043.67136409642;2562.27797393525;3870.03054282989;4.38137186346119;13.1551465289511
C;K-Meglič;Nataša Pirc Musar;številko;f1;f;TRUE;i;i;140.534633727158;341.19344809092;1927.52994339554;2391.63422911937;3778.55662857363;3.44506622092388;12.7630365900404
C;K-Meglič;Nataša Pirc Musar;pet;f1;f;TRUE;e;e;NA;435.378427378212;2063.73666568674;2653.40345381508;3669.6494344431;4.34292341978116;13.220596672712
Č;U-Tratar;Nataša Pirc Musar;vprašajmo;f1;f;TRUE;a;a;226.9162688;875.7397582;1413.069964;2331.377954;3446.5441;7.74952665594573;10.7014319415759
Č;U-Tratar;Nataša Pirc Musar;kakšno;f1;f;TRUE;a;a;168.8266274;835.7514448;1440.238041;2366.954291;3670.940289;7.48448078539432;10.8259055023848
Č;U-Tratar;Nataša Pirc Musar;želimo;f1;f;TRUE;i;i;131.9540579;289.0115275;2021.408322;2741.896865;3674.515553;2.91524648163459;13.0817556225925
Č;U-Tratar;Nataša Pirc Musar;želim;f1;f;TRUE;i;i;266.9518238;319.9800924;2041.916386;2390.933149;3558.913503;3.23260578144511;13.1493908288967
Č;U-Tratar;Nataša Pirc Musar;državo;f1;f;TRUE;a;a;203.7793986;789.2368431;1241.976567;2609.152561;3783.666891;7.16647759399729;9.8690116931015
Č;U-Tratar;Nataša Pirc Musar;počutili;f1;f;TRUE;i;i;180.9718995;357.7626267;1992.528545;2686.996123;3592.264752;3.60830817329358;12.9853205557558
Č;U-Tratar;Nataša Pirc Musar;omejene;f1;f;TRUE;E;ɛ;129.5285522;733.3491701;1909.152341;2753.398986;3870.201229;6.76986719458696;12.6988340574828
Č;U-Tratar;Nataša Pirc Musar;koli;f1;f;TRUE;o;o;167.0246965;463.2738464;596.6814989;2493.90054;3579.940315;4.59545119093148;5.7269510486119
Č;U-Tratar;Nataša Pirc Musar;način;f1;f;TRUE;i;i;128.1900283;332.9706682;2138.348346;2710.239043;3710.817286;3.36317828537673;13.458347089191
Č;U-Tratar;Nataša Pirc Musar;želim;f1;f;TRUE;i;i;281.067381;311.8516562;2040.316065;2661.400067;3624.943656;3.15014473123943;13.14413794656
Č;U-Tratar;Nataša Pirc Musar;predsednica;f1;f;TRUE;e;e;219.7525691;442.7437971;1982.43156;2560.135399;3757.040811;4.41016932416077;12.9512714728775
Č;U-Tratar;Nataša Pirc Musar;takšna;f1;f;TRUE;a;a;183.5258568;760.7214455;1392.764781;2562.086607;3584.910113;6.96615216492952;10.6070842327546
Č;U-Tratar;Nataša Pirc Musar;jasno;f1;f;TRUE;a;a;198.0361662;882.2510513;1400.139619;2539.263749;3356.036257;7.79197798802271;10.6414831649054
Č;U-Tratar;Nataša Pirc Musar;branila;f1;f;TRUE;i;i;184.5972369;373.4835856;2188.641903;2773.253346;3658.476483;3.76105008140067;13.6137826622246
Č;U-Tratar;Nataša Pirc Musar;pravice;f1;f;TRUE;i;i;192.299041;361.0255742;2087.936088;2704.43094;3658.739932;3.64018052359813;13.2986685615477
Č;U-Tratar;Nataša Pirc Musar;svoboščine;f1;f;TRUE;O;ɔ;151.0134286;645.0902738;956.5912008;2518.087539;3658.401015;6.10887559464504;8.26321383346882
Č;U-Tratar;Nataša Pirc Musar;vseh;f1;f;TRUE;@;ə;162.6043479;634.7173994;1468.154756;2682.931862;3719.824624;6.02823770320766;10.9517538325741
Č;U-Tratar;Nataša Pirc Musar;želim;f1;f;TRUE;i;i;257.9175651;361.7742816;2042.436592;2541.033434;3666.613614;3.64748123345221;13.1510974447337
Č;U-Tratar;Nataša Pirc Musar;Slovenijo;f1;f;TRUE;e;e;222.7289963;449.085054;2002.12024;2613.836915;3757.013808;4.4677356663888;13.0175049677947
Č;U-Tratar;Nataša Pirc Musar;mladi;f1;f;TRUE;a;a;180.2881346;913.1282968;1440.107503;2676.419756;3490.93058;7.99066705982957;10.825312183913
Č;U-Tratar;Nataša Pirc Musar;počutili;f1;f;TRUE;i;i;181.0652505;355.2743195;2008.156333;2518.219772;3653.272969;3.58394210421337;13.0376789848214
Č;U-Tratar;Nataša Pirc Musar;dobro;f1;f;TRUE;O;ɔ;171.3675997;698.2976684;1046.213267;2791.179067;3848.664387;6.51261253822345;8.80033527466965
Č;U-Tratar;Nataša Pirc Musar;želeli;f1;f;TRUE;e;e;179.1907049;437.5556054;2056.666916;2508.834499;3793.468098;4.36284409268867;13.1976107705915
Č;U-Tratar;Nataša Pirc Musar;ostati;f1;f;TRUE;a;a;178.1021227;786.7943245;1401.844759;2519.526495;3697.401553;7.14948136913554;10.6494150780387
Č;U-Tratar;Nataša Pirc Musar;starejši;f1;f;TRUE;E;ɛ;207.8204924;518.8409162;1872.807638;2494.915316;3737.796095;5.08154403754391;12.5700502808902
Č;U-Tratar;Nataša Pirc Musar;preskrbljeni;f1;f;TRUE;E;ɛ;181.3466254;716.3480766;1989.503124;2676.730467;3824.119899;6.64593204768946;12.9751364892755
Č;U-Tratar;Nataša Pirc Musar;Slovenijo;f1;f;TRUE;e;e;267.7597181;555.7821335;2089.676911;2616.597869;3723.571923;5.39281771967477;13.3042488092651
Č;U-Tratar;Nataša Pirc Musar;delimo;f1;f;TRUE;i;i;173.4707656;380.0249607;2042.818958;2606.616652;3711.35346;3.8240002211426;13.1523515723891
Č;U-Tratar;Nataša Pirc Musar;preteklosti;f1;f;TRUE;E;ɛ;154.3745317;632.6393523;1873.653268;2561.075407;3874.796798;6.01200555126049;12.5730744314772
Č;U-Tratar;Nataša Pirc Musar;ljudje;f1;f;TRUE;e;e;268.4808667;551.730681;2081.465687;2628.703988;3755.026644;5.35912643760074;13.2778854035486
Č;U-Tratar;Nataša Pirc Musar;imajo;f1;f;TRUE;a;a;212.8892298;866.7366539;1542.894353;2492.931089;3576.440498;7.69050743885145;11.2788053579188
Č;U-Tratar;Nataša Pirc Musar;prepirov;f1;f;TRUE;i;i;180.5389443;359.5250302;1959.597823;2515.049692;3594.54046;3.62553440215771;12.8736245571795
Č;U-Tratar;Nataša Pirc Musar;dovolj;f1;f;TRUE;O;ɔ;148.2405526;655.7372462;903.633517;2607.008859;3598.66848;6.19097917944997;7.93002620340541
Č;U-Tratar;Nataša Pirc Musar;želijo;f1;f;TRUE;i;i;232.5861449;385.876303;1904.074;2494.709505;3525.939368;3.88001244191774;12.6809850743024
Č;U-Tratar;Nataša Pirc Musar;predsednice;f1;f;TRUE;e;e;197.9676494;397.8349763;2093.161458;2575.886632;3762.309415;3.99362265460172;13.3154042037276
Č;U-Tratar;Nataša Pirc Musar;vmeščena;f1;f;TRUE;E;ɛ;167.211579;648.83745;1960.885892;2554.198579;3795.141644;6.13784817678081;12.8780287497742
Č;U-Tratar;Nataša Pirc Musar;strankarske;f1;f;TRUE;a;a;192.5800019;823.8524492;1382.978731;2290.938417;3060.155237;7.40414326589016;10.5612042108682
Č;U-Tratar;Nataša Pirc Musar;zdrahe;f1;f;TRUE;a;a;97.53384724;784.8447636;1423.85182;2514.75462;3820.955357;7.13589367499194;10.7510694217101
Č;U-Tratar;Nataša Pirc Musar;ideja;f1;f;TRUE;E;ɛ;229.5958539;620.5790258;1745.487806;2577.25589;3672.580702;5.91728315442313;12.0989791058241
Č;U-Tratar;Nataša Pirc Musar;leva;f1;f;TRUE;e;e;222.5378386;451.0877537;2088.561636;2591.104696;3860.023304;4.48585338739262;13.3006743222718
Č;U-Tratar;Nataša Pirc Musar;desna;f1;f;TRUE;e;e;187.4496877;427.4015857;2043.329686;2536.131902;3874.389578;4.26962674953877;13.1540263426808
Č;U-Tratar;Nataša Pirc Musar;važno;f1;f;TRUE;a;a;179.398335;862.239174;1354.304008;2542.541836;3778.775257;7.66088348992636;10.4252082026387
Č;U-Tratar;Nataša Pirc Musar;dobra;f1;f;TRUE;O;ɔ;184.8646983;709.0186991;1062.791304;2510.888718;3814.56443;6.59201504218791;8.89619982482257
Č;U-Tratar;Nataša Pirc Musar;vse;f1;f;TRUE;E;ɛ;105.8978114;626.7824874;1835.604509;2610.887834;3681.877212;5.96611576119951;12.4356703614929
Č;U-Tratar;Nataša Pirc Musar;želijo;f1;f;TRUE;i;i;251.025985;414.8513801;1892.33814;2293.334341;3483.201886;4.15331011939478;12.6395566924974
Č;U-Tratar;Nataša Pirc Musar;predsednice;f1;f;TRUE;e;e;233.3850164;474.7951313;2085.809797;2567.593008;3788.332197;4.69806100049844;13.2918461725599
Č;U-Tratar;Nataša Pirc Musar;zavzela;f1;f;TRUE;e;e;191.9567866;436.8577492;2093.958845;2573.280724;3872.047612;4.35646281155449;13.3179542543185
Č;U-Tratar;Nataša Pirc Musar;kakovostno;f1;f;TRUE;O;ɔ;203.8660192;684.1363158;1033.56671;2332.694925;3889.927365;6.40674320684507;8.72649106216176
Č;U-Tratar;Nataša Pirc Musar;zdravstvo;f1;f;TRUE;a;a;181.1274675;807.4441649;1270.889175;2406.676133;3517.884192;7.29222757572824;10.015870482156
Č;U-Tratar;Nataša Pirc Musar;pravno;f1;f;TRUE;a;a;190.7606329;859.6165537;1309.139077;2320.834209;3489.619069;7.64356522270903;10.2061656471888
Č;U-Tratar;Nataša Pirc Musar;državo;f1;f;TRUE;a;a;170.4380719;823.7766169;1345.012672;2604.558487;3693.739257;7.40362907246604;10.3806358477285
Č;U-Tratar;Nataša Pirc Musar;socialno;f1;f;TRUE;a;a;175.6028807;902.4937267;1377.233825;2426.4123;3350.169981;7.92271959450579;10.5341449728953
Č;U-Tratar;Nataša Pirc Musar;državo;f1;f;TRUE;a;a;170.309747;806.4739455;1369.066283;2510.851011;3630.568165;7.28556844734614;10.4955140411784
Č;U-Tratar;Nataša Pirc Musar;opozarjala;f1;f;TRUE;a;a;166.6266024;707.5068916;1347.732387;2552.581281;3794.248597;6.58085689170183;10.3937087732606
Č;U-Tratar;Nataša Pirc Musar;podnebne;f1;f;TRUE;e;e;162.9348962;481.9997528;2088.764463;2682.878518;3797.120793;4.76173410347448;13.301324534877
Č;U-Tratar;Nataša Pirc Musar;spremembe;f1;f;TRUE;e;e;141.3269842;434.8923946;2052.409286;2660.128918;3859.981244;4.33847138748937;13.1837288435784
Č;U-Tratar;Nataša Pirc Musar;vrednote;f1;f;TRUE;O;ɔ;190.2894332;766.8518537;1155.501042;2567.883743;3642.491997;7.0095728483748;9.41349946233143
Č;U-Tratar;Nataša Pirc Musar;živim;f1;f;TRUE;i;i;184.9009743;375.7021041;2049.414545;2601.614733;3692.843426;3.78243924181941;13.1739468817136
Č;U-Tratar;Nataša Pirc Musar;celo;f1;f;TRUE;e;e;180.0650321;448.3669623;1959.829695;2521.35296;3805.206932;4.46123200385674;12.8744175924204
Č;U-Tratar;Nataša Pirc Musar;svoje;f1;f;TRUE;O;ɔ;142.0069634;641.623235;1040.596581;2502.18272;3496.206228;6.08199465738551;8.76761585188249
Č;U-Tratar;Nataša Pirc Musar;življenje;f1;f;TRUE;E;ɛ;129.0870698;647.5064673;1893.351298;2457.639509;3115.533388;6.12756676196797;12.6431431613116
Č;U-Tratar;Nataša Pirc Musar;zavedam;f1;f;TRUE;e;e;188.3757566;491.691377;1918.717818;2568.103905;3758.295399;4.84679658257002;12.7323271695245
Č;U-Tratar;Nataša Pirc Musar;odgovornosti;f1;f;TRUE;o;o;180.0205763;544.9646364;911.2363661;2428.912128;3412.347549;5.3026180296427;7.9786157529847
Č;U-Tratar;Nataša Pirc Musar;predsednica;f1;f;TRUE;e;e;162.2900169;469.8043285;2041.948102;2572.434291;3824.214237;4.65373183360843;13.1494948908161
Č;U-Tratar;Nataša Pirc Musar;takšna;f1;f;TRUE;a;a;149.8046503;758.9249982;1418.016691;2695.542509;3972.201554;6.95339112524696;10.7242450092086
Č;U-Tratar;Nataša Pirc Musar;želite;f1;f;TRUE;i;i;195.8638959;362.9672101;2006.421625;2480.363769;3724.609739;3.6591038584062;13.0318874774186
Č;U-Tratar;Nataša Pirc Musar;takšno;f1;f;TRUE;a;a;173.7146938;807.4543498;1387.041811;2638.284126;3733.202468;7.29229745531393;10.5802857546317
Č;U-Tratar;Nataša Pirc Musar;Slovenijo;f1;f;TRUE;e;e;187.1130072;434.8081245;2049.36331;2679.903938;3864.833199;4.33769929439706;13.1737794015978
Č;U-Tratar;Nataša Pirc Musar;pojdite;f1;f;TRUE;i;i;224.6885499;337.2416868;1999.776784;2672.12058;3609.802513;3.40578510918567;13.0096560219441
Č;U-Tratar;Nataša Pirc Musar;nedeljo;f1;f;TRUE;e;e;157.734848;476.8825048;2001.387575;2619.760608;3830.95784;4.71654755758826;13.0150520480188
Č;U-Tratar;Nataša Pirc Musar;volitve;f1;f;TRUE;i;i;175.2957782;374.6914674;2192.811878;2564.699044;3653.523007;3.77270054148997;13.6265012276677
Č;U-Tratar;Nataša Pirc Musar;zaupajte;f1;f;TRUE;u;u;154.8821716;532.0840462;2371.43675;3087.696573;4189.198564;5.19419429447973;14.1483210599808
Č;U-Tratar;Nataša Pirc Musar;svoj;f1;f;TRUE;o;o;146.3171363;597.8573581;1131.275393;2287.054056;3383.970972;5.73639938302391;9.28132038737449
Č;U-Tratar;Nataša Pirc Musar;glas;f1;f;TRUE;a;a;128.1548044;825.4018969;1463.425751;2448.892089;3704.651888;7.41464342130211;10.9305799097145
Č;U-Tratar;Nataša Pirc Musar;svetla;f1;f;TRUE;@;ə;173.5989141;559.7642357;1479.405098;2634.966147;3712.425139;5.42582671842627;11.0018927393705
Č;U-Tratar;Nataša Pirc Musar;prihodnost;f1;f;TRUE;o;o;157.7726789;556.0835021;990.2265081;2493.090767;3585.254159;5.39531952093713;8.46862183777149
Č;U-Tratar;Nataša Pirc Musar;Slovenije;f1;f;TRUE;e;e;168.9845193;443.4859132;2148.612058;2708.09187;3877.651336;4.41692199675173;13.4903768235594
Č;U-Tratar;Nataša Pirc Musar;številko;f1;f;TRUE;i;i;139.3050102;357.0476259;2133.917974;2300.824075;3856.440012;3.60131208153774;13.4444717032135
Č;U-Tratar;Nataša Pirc Musar;pet;f1;f;TRUE;e;e;NA;409.2019825;2135.457687;2757.158636;3998.91882;4.100548696084;13.4492973005681
Č;U-Tratar;Nataša Pirc Musar;gospod;f1;f;TRUE;o;o;183.2499677;639.958428;845.7163296;2730.342283;3584.549907;6.06906145802421;7.55123563931657
Č;U-Tratar;Nataša Pirc Musar;Prebilič;f1;f;TRUE;e;e;179.5456437;421.7110909;1965.038128;2639.956233;3749.606321;4.21703854309914;12.8922064840232
Č;U-Tratar;Nataša Pirc Musar;sicer;f1;f;TRUE;i;i;174.4371922;341.1143295;1861.745891;2533.161836;3820.595503;3.44428109357875;12.5303678950119
Č;U-Tratar;Nataša Pirc Musar;zadnjič;f1;f;TRUE;a;a;159.2639457;815.8686276;1436.397936;2628.17508;3695.710154;7.34985342262672;10.8084324775305
Č;U-Tratar;Nataša Pirc Musar;Cankarjevem;f1;f;TRUE;a;a;161.6965138;836.5342302;1441.227436;2551.551622;3890.859104;7.48974188960957;10.8304009982354
Č;U-Tratar;Nataša Pirc Musar;domu;f1;f;TRUE;o;o;165.1039851;499.9720335;1020.019623;2675.13725;3615.579033;4.91894414879331;8.64669329475754
Č;U-Tratar;Nataša Pirc Musar;zagovarjal;f1;f;TRUE;a;a;151.8068348;848.510266;1292.901702;2593.11266;3573.5344;7.56986721674315;10.1259305524997
Č;U-Tratar;Nataša Pirc Musar;rezidenco;f1;f;TRUE;e;e;174.2254434;506.6484954;2052.90452;2641.201092;3948.121343;4.97676198372208;13.1853450591443
Č;U-Tratar;Nataša Pirc Musar;sama;f1;f;TRUE;a;a;175.6014091;919.8530997;1474.760929;2743.301437;3476.457229;8.03337484905949;10.9812350826703
Č;U-Tratar;Nataša Pirc Musar;imam;f1;f;TRUE;a;a;173.9311711;873.922196;1381.837676;2853.084173;3799.902898;7.73764196555239;10.5558371008323
Č;U-Tratar;Nataša Pirc Musar;malce;f1;f;TRUE;a;a;163.4028351;861.696594;1313.687492;2674.679244;3721.807891;7.65730324665799;10.2284984048074
Č;U-Tratar;Nataša Pirc Musar;drugačno;f1;f;TRUE;a;a;154.7704736;801.2646494;1399.923446;2438.241321;3471.026372;7.24973428047972;10.6404770035585
Č;U-Tratar;Nataša Pirc Musar;stališče;f1;f;TRUE;i;i;198.5321146;321.3985502;2136.88118;2642.233565;3765.429058;3.24693548113573;13.4537554272931
Č;U-Tratar;Nataša Pirc Musar;visoko;f1;f;TRUE;O;ɔ;148.9808068;727.7338136;1068.318761;2618.506685;3788.427731;6.72910558697895;8.92792971046155
Č;U-Tratar;Nataša Pirc Musar;moji;f1;f;TRUE;O;ɔ;155.9504565;799.352726;1186.917631;2580.498465;3462.820393;7.23654843077137;9.58188261606902
Č;U-Tratar;Nataša Pirc Musar;prioriteti;f1;f;TRUE;e;e;170.4104996;416.4879201;2047.893705;2782.141164;3713.296692;4.16854739990058;13.1689736435762
Č;U-Tratar;Nataša Pirc Musar;sama;f1;f;TRUE;a;a;150.5651338;926.1830129;1395.46367;2857.195005;3758.302006;8.0733929466237;10.6196903772765
Č;U-Tratar;Nataša Pirc Musar;osebno;f1;f;TRUE;e;e;159.3198937;461.7547385;2017.478185;2662.317435;3659.610691;4.58184900038753;13.0687144678331
Č;U-Tratar;Nataša Pirc Musar;potrebujem;f1;f;TRUE;u;u;168.7959663;497.9526189;1867.260831;2456.027811;3652.6215;4.90139424660006;12.5501806016523
Č;U-Tratar;Nataša Pirc Musar;rezidence;f1;f;TRUE;e;e;162.6963607;484.8795162;2098.390222;2668.927076;3856.41512;4.78707993918936;13.3321075782347
Č;U-Tratar;Nataša Pirc Musar;vendarle;f1;f;TRUE;@;ə;184.1872367;646.9262794;1384.877424;2491.283287;3542.14115;6.12308171073631;10.5701268599671
Č;U-Tratar;Nataša Pirc Musar;potrebno;f1;f;TRUE;e;e;170.4694976;474.2915537;1886.876971;2390.952032;3715.962429;4.69359638284481;12.620192214065
Č;U-Tratar;Nataša Pirc Musar;poudariti;f1;f;TRUE;a;a;160.0372498;822.4064632;1447.484111;2518.152194;3696.702258;7.39433369100003;10.8587688839498
Č;U-Tratar;Nataša Pirc Musar;Slovenija;f1;f;TRUE;e;e;168.4330903;485.0358038;2032.832004;2677.705827;3818.310547;4.78845377465143;13.1195164265969
Č;U-Tratar;Nataša Pirc Musar;edina;f1;f;TRUE;i;i;205.1250309;325.5855262;2064.959811;2854.974993;3504.931671;3.28912987169406;13.2245652956856
Č;U-Tratar;Nataša Pirc Musar;evropska;f1;f;TRUE;o;o;160.7651493;563.5658123;924.9325647;2305.287847;3801.91345;5.45724208186683;8.06550145574569
Č;U-Tratar;Nataša Pirc Musar;država;f1;f;TRUE;a;a;155.6929908;839.4438036;1412.630645;2475.062487;3924.858681;7.50927135296469;10.6994026766901
Č;U-Tratar;Nataša Pirc Musar;rezidence;f1;f;TRUE;e;e;156.4697746;436.1237881;2142.54349;2675.239391;3803.530572;4.34974737241456;13.4714581458831
Č;U-Tratar;Nataša Pirc Musar;nima;f1;f;TRUE;i;i;172.0339771;376.8871094;2175.276348;2812.023939;3608.121641;3.79384746459075;13.5728444007341
Č;U-Tratar;Nataša Pirc Musar;tridesetih;f1;f;TRUE;i;i;216.7795891;336.9580848;1967.423959;2569.461344;3692.506017;3.40296086387862;12.9003392991014
Č;U-Tratar;Nataša Pirc Musar;letih;f1;f;TRUE;e;e;170.6841397;446.1180211;2042.838812;2650.07472;3808.642747;4.44083852113916;13.1524166852612
Č;U-Tratar;Nataša Pirc Musar;nedvomno;f1;f;TRUE;E;ɛ;189.8386441;570.7042238;1790.013045;2459.577572;3903.311402;5.51597728023044;12.2673554119863
Č;U-Tratar;Nataša Pirc Musar;napočil;f1;f;TRUE;O;ɔ;182.2661242;540.5708483;929.9399381;2375.31651;3599.972681;5.26575837764236;8.09706155646004
Č;U-Tratar;Nataša Pirc Musar;čas;f1;f;TRUE;a;a;167.1834419;716.1173549;1459.507673;2552.83422;3841.400249;6.64423929474364;10.9129925167564
Č;U-Tratar;Nataša Pirc Musar;zunanji;f1;f;TRUE;a;a;178.695393;882.4416692;1456.50311;2765.448466;3788.54279;7.79321781924572;10.8994783648243
Č;U-Tratar;Nataša Pirc Musar;videz;f1;f;TRUE;i;i;159.4511543;359.3580997;2006.908335;2542.708933;3645.122922;3.6239038987568;13.0335129217953
Č;U-Tratar;Nataša Pirc Musar;državnosti;f1;f;TRUE;a;a;152.0193503;870.3264826;1352.989169;2611.224202;3805.982338;7.71408531734875;10.4189158492598
Č;U-Tratar;Nataša Pirc Musar;predstavimo;f1;f;TRUE;a;a;156.812769;869.7594378;1365.04927;2550.544972;3909.771936;7.71036496386661;10.4764447041111
Č;U-Tratar;Nataša Pirc Musar;svetu;f1;f;TRUE;e;e;164.192682;439.5248283;2117.724733;2644.012327;3739.69326;4.38083088941047;13.3934999440385
Č;U-Tratar;Nataša Pirc Musar;domovini;f1;f;TRUE;i;i;195.985837;325.3076174;1983.57481;2608.594248;3515.572594;3.28633402702104;12.955135497176
Č;U-Tratar;Nataša Pirc Musar;doma;f1;f;TRUE;a;a;188.2902876;905.0019628;1382.295231;2797.721142;3698.016489;7.93879092500006;10.5579897141887
Č;U-Tratar;Nataša Pirc Musar;nenazadnje;f1;f;TRUE;a;a;182.3015283;796.825846;1416.78208;2604.058797;3731.678914;7.21909338660488;10.7185575512175
Č;U-Tratar;Nataša Pirc Musar;seveda;f1;f;TRUE;e;e;174.7965355;528.65624;1837.168172;2434.665625;3733.413349;5.16515128951679;12.4413714168675
Č;U-Tratar;Nataša Pirc Musar;pogovarjati;f1;f;TRUE;a;a;161.4272217;833.3905945;1323.603475;2469.580017;3799.64616;7.46859564306448;10.276971497906
Č;U-Tratar;Nataša Pirc Musar;stroških;f1;f;TRUE;o;o;171.1436634;696.9277041;1132.957226;3096.917329;4088.134027;6.50242008357551;9.29056362555723
Č;U-Tratar;Nataša Pirc Musar;prepričana;f1;f;TRUE;i;i;216.7863751;373.9980374;1944.058834;2425.711447;3718.097167;3.76601363069852;12.8202643161089
Č;U-Tratar;Nataša Pirc Musar;malo;f1;f;TRUE;a;a;221.4950138;911.5744197;1330.335074;2728.182174;3433.088032;7.98077026752113;10.3097116195771
Č;U-Tratar;Nataša Pirc Musar;stroški;f1;f;TRUE;o;o;158.0058002;522.874469;1069.275372;2607.512663;3865.049376;5.11598198133472;8.93340929857201
Č;U-Tratar;Nataša Pirc Musar;rezidenco;f1;f;TRUE;e;e;159.8199691;461.6396832;2070.945358;2688.183682;3788.721744;4.58081809257328;13.2439512984934
Č;U-Tratar;Nataša Pirc Musar;urediti;f1;f;TRUE;i;i;196.4815692;379.0190227;2078.316337;2710.885157;3720.884041;3.81434260686656;13.2677454823074
Č;U-Tratar;Nataša Pirc Musar;nenazadnje;f1;f;TRUE;a;a;167.7575263;799.708137;1507.93321;2568.098998;3781.263205;7.23900095539704;11.127574385667
Č;U-Tratar;Nataša Pirc Musar;varovanje;f1;f;TRUE;a;a;189.6117873;975.1366071;1377.15126;2801.595723;3619.510763;8.37705133557018;10.533755402145
Č;U-Tratar;Nataša Pirc Musar;predsednika;f1;f;TRUE;e;e;170.5164631;424.1011225;2055.779122;2627.406171;3734.570467;4.23915638641288;13.1947185630495
Č;U-Tratar;Nataša Pirc Musar;Republike;f1;f;TRUE;u;u;163.5272315;372.7455208;790.0813512;2505.467137;3458.497647;3.75392523896943;7.17234706563469
Č;U-Tratar;Nataša Pirc Musar;rezidence;f1;f;TRUE;e;e;161.925152;432.2746286;2120.636144;2737.03231;3865.528779;4.31446169106774;13.4026940737503
Č;U-Tratar;Nataša Pirc Musar;nima;f1;f;TRUE;i;i;191.618909;371.1337452;2154.529866;2799.364975;3568.653769;3.73835042360829;13.5087717646136
Č;U-Tratar;Nataša Pirc Musar;zelo;f1;f;TRUE;o;o;167.7396896;518.3204808;886.3511726;2696.297128;3508.895007;5.07709246358741;7.81860967478571
Č;U-Tratar;Nataša Pirc Musar;zelo;f1;f;TRUE;o;o;143.3903491;539.922265;1060.986092;2612.530774;3550.509769;5.26030641364763;8.88581200980915
Č;U-Tratar;Nataša Pirc Musar;drago;f1;f;TRUE;a;a;352.5108353;759.5433492;1433.376502;2429.469508;3772.576385;6.95778547620586;10.7946567234643
Č;U-Tratar;Nataša Pirc Musar;pomilostitev;f1;f;TRUE;i;i;252.3367715;303.2580092;1976.657412;2517.482179;3663.534503;3.06232009501464;12.9317213715827
Č;U-Tratar;Nataša Pirc Musar;akt;f1;f;TRUE;a;a;168.8463232;865.5335897;1272.909311;2630.098308;3919.654547;7.68259234873254;10.0260333881911
Č;U-Tratar;Nataša Pirc Musar;milosti;f1;f;TRUE;i;i;206.1766835;287.665725;2069.109098;2580.59725;3510.167493;2.90125670399677;13.2380101402357
Č;U-Tratar;Nataša Pirc Musar;pridobitev;f1;f;TRUE;i;i;174.051874;345.9007407;1942.465444;2594.370828;3464.429569;3.49168172050277;12.8147686599528
Č;U-Tratar;Nataša Pirc Musar;demokratičnih;f1;f;TRUE;a;a;130.8918844;761.7036108;1464.792702;2369.580612;3496.13967;6.97312184049515;10.9367063842102
Č;U-Tratar;Nataša Pirc Musar;držav;f1;f;TRUE;a;a;125.4721563;745.6782239;1229.355477;2391.840868;3788.810505;6.85876966454008;9.80406924253304
Č;U-Tratar;Nataša Pirc Musar;prav;f1;f;TRUE;a;a;181.4362916;757.4787543;1280.91596;2492.415984;3847.77339;6.94310549186397;10.0661886427934
Č;U-Tratar;Nataša Pirc Musar;predsednik;f1;f;TRUE;e;e;186.8024846;384.0903287;1931.489571;2679.418624;3771.422422;3.8629457778864;12.7767902287101
Č;U-Tratar;Nataša Pirc Musar;pristojnosti;f1;f;TRUE;o;o;179.8218071;528.7451215;1108.093142;2741.964586;3493.531488;5.16590537213033;9.15287980907067
Č;U-Tratar;Nataša Pirc Musar;vendrale;f1;f;TRUE;@;ə;178.4732631;650.6338504;1428.765925;2591.906693;3840.263275;6.15170817081504;10.7735881784163
Č;U-Tratar;Nataša Pirc Musar;rada;f1;f;TRUE;a;a;155.5675547;804.3408964;1378.895581;2442.438285;3571.221789;7.27091176908292;10.5419816267923
Č;U-Tratar;Nataša Pirc Musar;povedala;f1;f;TRUE;e;e;162.384041;467.1187687;1917.554885;2351.915143;3669.388456;4.62980278771226;12.7282640327604
Č;U-Tratar;Nataša Pirc Musar;zakaj;f1;f;TRUE;a;a;155.7371074;877.9764906;1552.378682;2421.493555;3833.286639;7.76413132594679;11.3193124553191
Č;U-Tratar;Nataša Pirc Musar;gospodu;f1;f;TRUE;o;o;179.5698433;492.6207255;895.0321936;2527.149093;3450.856302;4.85491806472138;7.87474344359631
Č;U-Tratar;Nataša Pirc Musar;Kučanu;f1;f;TRUE;u;u;235.0648854;617.7850952;2119.351918;3479.7518;4040.603143;5.89521303779474;13.3986401525851
Č;U-Tratar;Nataša Pirc Musar;tako;f1;f;TRUE;o;o;163.032333;530.1021323;818.1977519;2383.292977;3425.068425;5.17741174934698;7.36572366237685
Č;U-Tratar;Nataša Pirc Musar;veliko;f1;f;TRUE;i;i;169.7708581;354.2723139;2024.810266;2541.853984;3704.104688;3.57411543992113;13.0930233330412
Č;U-Tratar;Nataša Pirc Musar;število;f1;f;TRUE;i;i;160.5250496;347.7802335;1959.1348;2338.718994;3707.390155;3.51024088809971;12.872040671834
Č;U-Tratar;Nataša Pirc Musar;pomilostitev;f1;f;TRUE;i;i;200.6964802;350.9946994;1991.281972;2475.255661;3686.776025;3.54191236455763;12.9811262743665
Č;U-Tratar;Nataša Pirc Musar;takrat;f1;f;TRUE;@;ə;174.8290017;544.9999016;1498.40644;2461.73092;3987.898696;5.30291334764658;11.0858344466881
Č;U-Tratar;Nataša Pirc Musar;veljala;f1;f;TRUE;a;a;170.3875667;781.6090888;1431.420392;2501.464645;3745.341574;7.11329960691076;10.7857250572786
Č;U-Tratar;Nataša Pirc Musar;namreč;f1;f;TRUE;a;a;165.9286381;763.0045887;1432.120837;2793.616872;3819.151797;6.98234614437908;10.7889244973734
Č;U-Tratar;Nataša Pirc Musar;stara;f1;f;TRUE;a;a;162.106295;794.3665333;1455.83781;2510.901782;3827.189679;7.20207432645399;10.896482712919
Č;U-Tratar;Nataša Pirc Musar;jugoslovanska;f1;f;TRUE;a;a;163.6825445;968.1590173;1472.423955;2648.894424;3793.230035;8.33438991204339;10.9708188822496
Č;U-Tratar;Nataša Pirc Musar;zakonodaja;f1;f;TRUE;a;a;163.5055352;807.1370149;1463.182906;2476.947109;3667.097944;7.29011994814468;10.9294910021031
Č;U-Tratar;Nataša Pirc Musar;kasneje;f1;f;TRUE;E;ɛ;170.8858615;597.2410668;1915.18357;2580.822137;3872.01402;5.73144840577921;12.7199714101802
Č;U-Tratar;Nataša Pirc Musar;spreminjala;f1;f;TRUE;i;i;185.1508687;367.1232107;2159.687811;2792.39282;3675.411146;3.69950243184861;13.5247616395368
Č;U-Tratar;Nataša Pirc Musar;zato;f1;f;TRUE;o;o;186.3767393;493.4048678;989.1155614;2790.653028;3680.307642;4.86176581873333;8.46191220182139
Č;U-Tratar;Nataša Pirc Musar;številke;f1;f;TRUE;i;i;173.4383295;375.4525405;1872.380029;2438.427473;3587.35233;3.78003518001268;12.5685205531896
Č;U-Tratar;Nataša Pirc Musar;drugačne;f1;f;TRUE;a;a;127.217288;770.8910011;1396.988;2247.634475;3867.173794;7.03807493640944;10.6268013588371
Č;U-Tratar;Nataša Pirc Musar;penološka;f1;f;TRUE;o;o;235.708867;502.6828093;952.9795822;2396.489927;3595.793051;4.94245713757336;8.24087596319026
Č;U-Tratar;Nataša Pirc Musar;stroka;f1;f;TRUE;o;o;182.1141128;572.2868905;910.8884386;2213.901698;3506.079621;5.52895469106011;7.97639777934908
Č;U-Tratar;Nataša Pirc Musar;jasna;f1;f;TRUE;a;a;116.4337856;763.7339046;1491.41721;2604.817694;3932.085558;6.98751334730072;11.0550657765307
Č;U-Tratar;Nataša Pirc Musar;vsakemu;f1;f;TRUE;a;a;211.044976;869.9473105;1459.898693;2343.990917;3672.046652;7.71159775271017;10.9147495299914
Č;U-Tratar;Nataša Pirc Musar;posamezniku;f1;f;TRUE;a;a;175.8237461;876.6898409;1410.820612;2561.144678;3771.846942;7.75573300317945;10.6910363473712
Č;U-Tratar;Nataša Pirc Musar;potrebno;f1;f;TRUE;e;e;204.8288044;412.5517722;2016.104206;2567.129862;3789.061136;4.13186371243056;13.0641491878646
Č;U-Tratar;Nataša Pirc Musar;omogočiti;f1;f;TRUE;o;o;164.7410481;557.4235816;898.0242155;2658.588312;3622.408858;5.40643689203773;7.89401162557784
Č;U-Tratar;Nataša Pirc Musar;vrnitev;f1;f;TRUE;i;i;170.2873143;362.2487724;2046.093718;2763.502967;3697.911767;3.65210559672595;13.1630826987658
Č;U-Tratar;Nataša Pirc Musar;nazaj;f1;f;TRUE;a;a;146.6569718;783.6799552;1447.275838;2567.390403;3543.747154;7.12776619065632;10.8578262464232
Č;U-Tratar;Nataša Pirc Musar;normalno;f1;f;TRUE;a;a;138.4282441;883.1836236;1363.855585;2672.799187;3831.745248;7.79804211172793;10.4707692268165
Č;U-Tratar;Nataša Pirc Musar;življenje;f1;f;TRUE;E;ɛ;127.4857499;633.5532382;1895.630612;2610.230538;3842.416799;6.0191473496532;12.6512047942418
Č;U-Tratar;Nataša Pirc Musar;nekdo;f1;f;TRUE;o;o;202.740434;470.8165621;823.131142;2705.520079;3588.744501;4.66273738162959;7.39925118906236
Č;U-Tratar;Nataša Pirc Musar;spremenil;f1;f;TRUE;e;e;217.9652913;477.49237;2183.41208;2805.845429;3822.280037;4.72194277416343;13.5977953374119
Č;U-Tratar;Nataša Pirc Musar;sebe;f1;f;TRUE;E;ɛ;140.6958307;633.8597749;1845.028234;2560.206571;3666.618357;6.02154173310088;12.4699579271295
Č;U-Tratar;Nataša Pirc Musar;prej;f1;f;TRUE;E;ɛ;215.6873486;519.0318611;1949.323732;2757.704068;3811.052375;5.08317682698782;12.8383912711376
Č;U-Tratar;Nataša Pirc Musar;izteče;f1;f;TRUE;E;ɛ;155.6424171;620.7149228;1863.45059;2602.759848;3841.827697;5.91835542788764;12.5364982172295
Č;U-Tratar;Nataša Pirc Musar;zaporna;f1;f;TRUE;o;o;168.4049255;522.8401847;938.0697618;2418.269911;3538.552668;5.11568973798074;8.14806932923432
Č;U-Tratar;Nataša Pirc Musar;kazen;f1;f;TRUE;a;a;164.7927995;960.1374438;1489.896952;2438.375477;3784.461136;8.28509359188951;11.0483566404681
Č;U-Tratar;Nataša Pirc Musar;seveda;f1;f;TRUE;e;e;182.8760376;437.5272222;1969.061663;2557.014348;3695.918801;4.36258462576217;12.9059161837949
Č;U-Tratar;Nataša Pirc Musar;edino;f1;f;TRUE;i;i;196.6776872;358.1992866;2089.65241;2438.08504;3686.221146;3.61257865113519;13.3041703040385
Č;U-Tratar;Nataša Pirc Musar;predsednik;f1;f;TRUE;e;e;192.973508;387.9288245;1936.589026;2568.404839;3769.215617;3.89959414966925;12.7944618410163
Č;U-Tratar;Nataša Pirc Musar;predsednica;f1;f;TRUE;e;e;178.6058533;383.3385446;1945.219055;2562.86909;3747.650455;3.85575399376632;12.8242631360919
Č;U-Tratar;Nataša Pirc Musar;tisti;f1;f;TRUE;i;i;207.0630557;313.7212612;2027.86491;2646.367319;3747.706369;3.16916363817305;13.1031243570385
Č;U-Tratar;Nataša Pirc Musar;lahko;f1;f;TRUE;o;o;171.1861806;579.3588188;780.8915581;2469.180973;3568.980852;5.58674483221245;7.10828200746976
Č;U-Tratar;Nataša Pirc Musar;skrajša;f1;f;TRUE;a;a;146.697365;792.9804706;1505.51581;2275.321786;3869.092125;7.19246902723306;11.1170046824285
Č;U-Tratar;Nataša Pirc Musar;zaporno;f1;f;TRUE;o;o;144.568889;525.6601094;873.9742621;2484.313693;3362.568176;5.13970016524738;7.7379826278797
Č;U-Tratar;Nataša Pirc Musar;kazen;f1;f;TRUE;a;a;121.8529344;895.6302233;1405.507723;2347.595943;3912.343849;7.87859789574738;10.6664271530599
Č;U-Tratar;Nataša Pirc Musar;toliko;f1;f;TRUE;o;o;271.80039;498.9074671;828.2724353;2288.417651;3490.073714;4.90969603245222;7.43406538660336
Č;U-Tratar;Nataša Pirc Musar;enih;f1;f;TRUE;E;ɛ;164.1574145;682.5267618;1698.940845;2364.243676;3693.896612;6.39463847419795;11.9185762366705
Č;U-Tratar;Nataša Pirc Musar;varovalk;f1;f;TRUE;a;a;170.6706548;821.0382125;1379.913569;2421.653296;3800.432315;7.38504207967621;10.5467784915963
Č;U-Tratar;Nataša Pirc Musar;znotraj;f1;f;TRUE;o;o;183.1857513;647.6883604;922.0358956;2659.33814;3438.176395;6.12897244702216;8.04719447518876
Č;U-Tratar;Nataša Pirc Musar;tega;f1;f;TRUE;e;e;178.9954257;453.008767;1962.868552;2676.320645;3789.170351;4.50320386123985;12.8848022503304
Č;U-Tratar;Nataša Pirc Musar;postopka;f1;f;TRUE;o;o;198.6162384;497.1526218;836.5328725;2618.134037;3554.939388;4.89443382320062;7.48973276705153
Č;U-Tratar;Nataša Pirc Musar;koncu;f1;f;TRUE;O;ɔ;168.0891543;753.6439713;1172.875002;2305.550389;3722.937396;6.91577958061075;9.5070358803163
Č;U-Tratar;Nataša Pirc Musar;povedali;f1;f;TRUE;e;e;172.1419444;503.2646861;1917.803711;2400.626046;3763.515955;4.94749753019974;12.7291336034002
Č;U-Tratar;Nataša Pirc Musar;predsednik;f1;f;TRUE;e;e;191.0614193;390.5591098;1965.581268;2568.927773;3815.596014;3.92463791575483;12.8940588074561
Č;U-Tratar;Nataša Pirc Musar;predsednica;f1;f;TRUE;e;e;176.6238768;393.2216084;2005.991668;2500.451551;3822.508876;3.9499313772968;13.0304512367019
Č;U-Tratar;Nataša Pirc Musar;tisti;f1;f;TRUE;i;i;201.6834301;399.6502298;2127.370937;2638.083115;3802.491995;4.01076732459037;13.4239121112486
Č;U-Tratar;Nataša Pirc Musar;diskrecijsko;f1;f;TRUE;e;e;173.174342;426.8038793;2051.859314;2440.442874;3860.407274;4.26411488445749;13.1819335207924
Č;U-Tratar;Nataša Pirc Musar;pravico;f1;f;TRUE;i;i;185.704221;374.2099228;2018.776321;2505.016433;3748.841305;3.76805731364274;13.0730248497123
Č;U-Tratar;Nataša Pirc Musar;spoštuje;f1;f;TRUE;u;u;194.5413532;434.9111543;813.8189035;2355.356716;3518.973098;4.33864325878972;7.33586491832775
Č;U-Tratar;Nataša Pirc Musar;mnenje;f1;f;TRUE;E;ɛ;212.2479393;671.0755022;2069.13257;2734.502852;3829.811022;6.30809119082223;13.2380861172806
Č;U-Tratar;Nataša Pirc Musar;priporočil;f1;f;TRUE;i;i;223.4697905;363.8979278;1980.18623;2826.894514;3774.974759;3.6681634940197;12.9436760466015
Č;U-Tratar;Nataša Pirc Musar;skupin;f1;f;TRUE;i;i;214.9162221;330.8553729;2109.151289;2520.704228;3621.89251;3.34201769800952;13.3663489047335
Č;U-Tratar;Nataša Pirc Musar;odloči;f1;f;TRUE;o;o;172.6989689;564.9163762;857.1640903;2646.108608;3701.117171;5.46838006069565;7.62734139877376
Č;U-Tratar;Nataša Pirc Musar;svoje;f1;f;TRUE;O;ɔ;136.21748;675.8961762;976.9989645;2640.804556;3677.597338;6.34461693200889;8.38840363406604
Č;U-Tratar;Nataša Pirc Musar;zagotovo;f1;f;TRUE;O;ɔ;216.8796805;666.7507696;1079.472297;2582.947342;3755.342619;6.27520905898434;8.99160423081823
Č;U-Tratar;Nataša Pirc Musar;konservativna;f1;f;TRUE;i;i;188.4857311;341.4281804;2063.835222;2688.014387;3546.786411;3.44739525155768;13.2209165383562
Č;U-Tratar;Nataša Pirc Musar;pomilostitvah;f1;f;TRUE;i;i;199.7146997;308.559931;1989.417452;2548.946407;3579.042875;3.11658285508173;12.9748478760102
Č;U-Tratar;Nataša Pirc Musar;lahko;f1;f;TRUE;o;o;205.515874;449.4707599;878.9488362;2202.640017;3469.805504;4.47122735393524;7.77047304764527
Č;U-Tratar;Nataša Pirc Musar;vnaprej;f1;f;TRUE;E;ɛ;190.5288739;537.6541329;1728.812933;2534.416273;3849.195896;5.24121832569847;12.0348753611464
Č;U-Tratar;Nataša Pirc Musar;povem;f1;f;TRUE;e;e;176.055291;477.4647059;2086.48339;2651.418065;3737.677769;4.72169810015873;13.2940082299955
Č;U-Tratar;Nataša Pirc Musar;pomilostila;f1;f;TRUE;i;i;185.0115008;353.0880321;1939.596924;2442.109113;3676.747819;3.5624902162097;12.8048637169148
Č;U-Tratar;Nataša Pirc Musar;nikogar;f1;f;TRUE;o;o;183.9773301;434.3307252;721.3384254;2264.363026;3457.845328;4.33332427682451;6.6824738159783
Č;U-Tratar;Nataša Pirc Musar;izvršil;f1;f;TRUE;i;i;178.825433;372.5637555;1927.703117;2264.994846;3692.043363;3.75216989199248;12.763638688813
Č;U-Tratar;Nataša Pirc Musar;kakšen;f1;f;TRUE;@;ə;162.269912;547.8243831;1513.244888;2096.292703;3839.083091;5.32653916194711;11.1507471847001
Č;U-Tratar;Nataša Pirc Musar;spolni;f1;f;TRUE;O;ɔ;155.4723545;802.6239592;1007.591457;2304.971103;3458.296039;7.25909785187821;8.57284564219582
Č;U-Tratar;Nataša Pirc Musar;krvni;f1;f;TRUE;@;ə;119.0894092;591.7696354;1620.364707;2370.682755;3695.479445;5.68738878971614;11.6033945979683
Č;U-Tratar;Nataša Pirc Musar;delikt;f1;f;TRUE;i;i;NA;369.9604428;2069.215721;2638.793315;3848.753145;3.72699908430565;13.2383552635007
D;M-Treven;Nataša Pirc Musar;NA;f1;f;TRUE;a;a;226.9832003;873.5943133;1408.481505;2335.832844;3430.42936;7.7354963802129;10.6802112162406
D;M-Treven;Nataša Pirc Musar;NA;f1;f;TRUE;a;a;163.0049858;813.6529443;1389.218912;2493.755256;3788.347626;7.3347314118776;10.5904910784643
D;M-Treven;Nataša Pirc Musar;NA;f1;f;TRUE;e;e;161.1355338;429.796944;2077.396848;2667.877305;3762.111611;4.29168834367712;13.264782032009
D;M-Treven;Nataša Pirc Musar;NA;f1;f;TRUE;i;i;135.3516719;287.9145316;2267.300898;2476.40296;3652.098812;2.90384434047048;13.8494677838379
D;M-Treven;Nataša Pirc Musar;NA;f1;f;TRUE;i;i;260.1128337;334.7655932;1984.342213;2500.534761;3613.384962;3.38110341739806;12.9577279550414
D;M-Treven;Nataša Pirc Musar;NA;f1;f;TRUE;a;a;188.5949179;884.8111966;1341.56895;2639.49076;3132.700836;7.80861600699452;10.3640519171953
D;M-Treven;Nataša Pirc Musar;NA;f1;f;TRUE;o;o;191.0098537;634.8062843;668.1034574;2507.936804;3498.207085;6.02893142584794;6.28550554734033
D;M-Treven;Nataša Pirc Musar;NA;f1;f;TRUE;i;i;181.8533215;361.2138357;1998.749639;2691.856415;3589.372252;3.64201672081047;13.0062128722862
D;M-Treven;Nataša Pirc Musar;NA;f1;f;TRUE;E;ɛ;129.7035272;726.1767222;1939.893972;2722.378868;3776.09298;6.71777255393565;12.8058900941218
D;M-Treven;Nataša Pirc Musar;NA;f1;f;TRUE;o;o;168.4291823;592.8505971;692.3622622;2566.110291;3536.56228;5.69610838499782;6.46837745172319
D;M-Treven;Nataša Pirc Musar;NA;f1;f;TRUE;i;i;124.68691;347.8625102;2178.477329;2729.087832;3824.050626;3.5110526438396;13.5826729826989
D;M-Treven;Nataša Pirc Musar;NA;f1;f;TRUE;i;i;278.8480893;307.5082533;2026.119632;2683.317637;3595.407909;3.10583958690105;13.0973550090782
D;M-Treven;Nataša Pirc Musar;NA;f1;f;TRUE;o;o;191.7703993;629.484671;748.8820262;2948.314543;3371.255872;5.98731374142203;6.88173920762677
D;M-Treven;Nataša Pirc Musar;NA;f1;f;TRUE;o;o;175.2432996;555.3915552;871.8359095;2826.694102;3558.354669;5.3895744551699;7.72398133249253
D;M-Treven;Nataša Pirc Musar;NA;f1;f;TRUE;a;a;197.2838568;866.8642158;1371.651349;2473.517615;3388.54487;7.69134628741654;10.5077614025332
D;M-Treven;Nataša Pirc Musar;NA;f1;f;TRUE;i;i;184.5621684;373.777909;2190.982481;2774.745229;3657.967715;3.76389004911092;13.6209246508453
D;M-Treven;Nataša Pirc Musar;NA;f1;f;TRUE;i;i;192.0755833;366.1375304;2065.129592;2699.592656;3672.396746;3.68993414479497;13.2251159772746
D;M-Treven;Nataša Pirc Musar;NA;f1;f;TRUE;O;ɔ;151.0224879;686.7252503;993.1757317;2408.101041;3691.965519;6.42618253479697;8.48640937958985
D;M-Treven;Nataša Pirc Musar;NA;f1;f;TRUE;@;ə;167.810334;632.275363;1475.444839;2702.54512;3733.848882;6.00915966026561;10.9842806790355
D;M-Treven;Nataša Pirc Musar;NA;f1;f;TRUE;i;i;255.0599527;365.9247031;2010.291325;2487.441256;3644.005243;3.68786710336565;13.0447999356823
D;M-Treven;Nataša Pirc Musar;NA;f1;f;TRUE;e;e;229.4235416;459.5038185;2036.590755;2583.716659;3696.226205;4.56166271191194;13.1318937211023
D;M-Treven;Nataša Pirc Musar;NA;f1;f;TRUE;e;e;193.2403326;425.8110026;1882.210447;2406.161975;3725.490175;4.25495277591776;12.6036018107678
D;M-Treven;Nataša Pirc Musar;NA;f1;f;TRUE;o;o;178.0077085;524.2839679;911.6298997;2584.572646;3393.268293;5.12798973105348;7.98112380934268
D;M-Treven;Nataša Pirc Musar;NA;f1;f;TRUE;a;a;185.4711486;916.4201317;1461.264848;2709.911758;3588.456693;8.01159775204893;10.9208850718709
D;M-Treven;Nataša Pirc Musar;NA;f1;f;TRUE;i;i;181.0307678;355.3579982;2008.312025;2519.866007;3652.346703;3.58476235603676;13.038198531528
D;M-Treven;Nataša Pirc Musar;NA;f1;f;TRUE;O;ɔ;170.2064451;701.8398805;1046.935529;2817.016428;3848.791307;6.538917756492;8.80453386738376
D;M-Treven;Nataša Pirc Musar;NA;f1;f;TRUE;e;e;179.4110046;438.5899838;2054.395364;2520.949547;3796.439001;4.3722957425384;13.1902080798437
D;M-Treven;Nataša Pirc Musar;NA;f1;f;TRUE;a;a;177.3441307;822.3545849;1425.596855;2596.00955;3716.369913;7.39398155893613;10.7590734837802
D;M-Treven;Nataša Pirc Musar;NA;f1;f;TRUE;u;u;209.2675846;453.7494454;863.1525197;2520.545034;3415.771923;4.50988624600514;7.66690714252168
D;M-Treven;Nataša Pirc Musar;NA;f1;f;TRUE;o;o;199.0265931;499.7538751;980.5013672;2521.41086;3628.633524;4.91704961218378;8.40971414121912
D;M-Treven;Nataša Pirc Musar;NA;f1;f;TRUE;E;ɛ;200.6047594;556.8966908;1802.877677;2518.971838;3769.887328;5.40206719009287;12.3152622352863
D;M-Treven;Nataša Pirc Musar;NA;f1;f;TRUE;E;ɛ;181.1425278;716.9353663;1988.456853;2667.011932;3814.277076;6.65023954275365;12.9716109365423
D;M-Treven;Nataša Pirc Musar;NA;f1;f;TRUE;i;i;148.4494827;306.7895895;2203.64162;2551.176099;3867.718678;3.09849244261319;13.6594133127145
D;M-Treven;Nataša Pirc Musar;NA;f1;f;TRUE;e;e;266.7468106;555.7787929;2092.51068;2617.2115;3708.16959;5.39278998443774;13.3133222662846
D;M-Treven;Nataša Pirc Musar;NA;f1;f;TRUE;i;i;173.3446058;377.5814524;2042.00729;2590.536862;3652.553903;3.80052663403482;13.1496890854489
D;M-Treven;Nataša Pirc Musar;NA;f1;f;TRUE;E;ɛ;154.4244031;632.3378359;1873.544661;2566.326362;3868.614641;6.00964816842374;12.5726861046944
D;M-Treven;Nataša Pirc Musar;NA;f1;f;TRUE;e;e;267.8004459;558.6280388;2053.514591;2567.057413;3743.458135;5.41641903826486;13.1873355014495
D;M-Treven;Nataša Pirc Musar;NA;f1;f;TRUE;a;a;208.5486738;914.7288501;1347.489711;2898.162965;3529.253995;8.000849951406;10.3925431697526
D;M-Treven;Nataša Pirc Musar;NA;f1;f;TRUE;i;i;183.7826758;364.3130188;1972.925202;2312.789559;3634.669843;3.67220166347072;12.9190543168026
D;M-Treven;Nataša Pirc Musar;NA;f1;f;TRUE;O;ɔ;145.2896306;653.4290443;894.82221;2591.251123;3605.477736;6.17323639200821;7.87338966330937
D;M-Treven;Nataša Pirc Musar;NA;f1;f;TRUE;i;i;229.872359;384.0330543;1940.601092;2452.052632;3556.744364;3.86239803674939;12.8083327465161
D;M-Treven;Nataša Pirc Musar;NA;f1;f;TRUE;e;e;197.8895846;397.6954685;2094.595501;2578.036806;3763.112826;3.9923039416827;13.319989565657
D;M-Treven;Nataša Pirc Musar;NA;f1;f;TRUE;o;o;198.1124532;500.8830696;677.3303338;2887.363034;3907.118429;4.92685216086221;6.35545762222105
D;M-Treven;Nataša Pirc Musar;NA;f1;f;TRUE;E;ɛ;167.3325387;669.6230644;1967.075;2560.848861;3815.393242;6.29705996901508;12.899150385465
D;M-Treven;Nataša Pirc Musar;NA;f1;f;TRUE;a;a;191.1816696;870.7408417;1418.144334;2228.564234;3548.364676;7.71680296482296;10.7248327825652
D;M-Treven;Nataša Pirc Musar;NA;f1;f;TRUE;a;a;96.84306434;781.9502963;1422.225281;2485.263195;3806.262733;7.11568470555139;10.7436014356608
D;M-Treven;Nataša Pirc Musar;NA;f1;f;TRUE;E;ɛ;236.6590766;675.4759942;1889.867634;2493.62544;3616.450432;6.34143857290157;12.6308034572598
D;M-Treven;Nataša Pirc Musar;NA;f1;f;TRUE;E;ɛ;252.4917001;822.4546654;1814.799239;2242.498142;2930.596846;7.39466085919288;12.3593656369602
D;M-Treven;Nataša Pirc Musar;NA;f1;f;TRUE;E;ɛ;191.2099595;555.3307904;1685.056376;2607.586875;3351.292194;5.38906978893077;11.8638718034686
D;M-Treven;Nataša Pirc Musar;NA;f1;f;TRUE;e;e;219.9744702;447.5602283;2115.098933;2610.090696;3888.499405;4.45392089206244;13.3851964960969
D;M-Treven;Nataša Pirc Musar;NA;f1;f;TRUE;e;e;189.23142;431.1008774;2057.244903;2555.409405;3869.708641;4.30367917779427;13.1994930185216
D;M-Treven;Nataša Pirc Musar;NA;f1;f;TRUE;a;a;180.4174189;830.2059839;1280.886888;2573.450959;3672.215446;7.44712518602236;10.0660431986789
D;M-Treven;Nataša Pirc Musar;NA;f1;f;TRUE;O;ɔ;184.6962546;707.7984599;1061.963283;2510.740452;3818.34386;6.58300984506539;8.89143664596934
D;M-Treven;Nataša Pirc Musar;NA;f1;f;TRUE;E;ɛ;105.8345545;629.0462058;1823.862332;2616.777742;3695.328116;5.98387709486123;12.3927082886693
D;M-Treven;Nataša Pirc Musar;NA;f1;f;TRUE;i;i;249.6798624;405.7576706;1938.4516;2353.636973;3492.636523;4.06825758317294;12.8009048638695
D;M-Treven;Nataša Pirc Musar;NA;f1;f;TRUE;e;e;234.3451067;481.5287769;2088.095748;2574.504725;3772.923724;4.75758318592522;13.2991805552125
D;M-Treven;Nataša Pirc Musar;NA;f1;f;TRUE;o;o;175.1718644;563.2589318;817.5029788;3012.222218;3707.662293;5.45470960361786;7.36099238737709
D;M-Treven;Nataša Pirc Musar;NA;f1;f;TRUE;e;e;189.5865877;438.8817892;2077.517087;2641.768881;3932.151815;4.37496064517459;13.2651696308128
D;M-Treven;Nataša Pirc Musar;NA;f1;f;TRUE;O;ɔ;205.1995078;664.6860295;1029.844267;2335.735919;3889.861073;6.25947205517368;8.70463643341327
D;M-Treven;Nataša Pirc Musar;NA;f1;f;TRUE;a;a;181.518573;811.9974147;1366.095082;2325.282092;3420.525018;7.32341666361656;10.4814137586221
D;M-Treven;Nataša Pirc Musar;NA;f1;f;TRUE;a;a;192.7268456;845.8208399;1335.799145;2269.676756;3543.227416;7.55193324222625;10.3361885939806
D;M-Treven;Nataša Pirc Musar;NA;f1;f;TRUE;a;a;170.2660415;818.7415276;1348.828579;2589.509899;3684.815651;7.36942502277807;10.3989717915574
D;M-Treven;Nataša Pirc Musar;NA;f1;f;TRUE;a;a;178.9108178;912.5889661;1411.178231;2555.94762;3401.182473;7.98723322406206;10.6926900450432
D;M-Treven;Nataša Pirc Musar;NA;f1;f;TRUE;a;a;170.616019;806.6041919;1374.144183;2495.20284;3612.165126;7.28646266862182;10.5195538057629
D;M-Treven;Nataša Pirc Musar;NA;f1;f;TRUE;a;a;164.5373557;776.9866778;1344.206959;2543.368493;3716.360658;7.08092956746214;10.3767588737531
D;M-Treven;Nataša Pirc Musar;NA;f1;f;TRUE;e;e;163.0306472;482.5614128;2085.967322;2680.995009;3799.655572;4.76668216707693;13.2923518511206
D;M-Treven;Nataša Pirc Musar;NA;f1;f;TRUE;e;e;141.3131789;456.0872997;2052.855591;2647.556115;3850.104602;4.53095144263839;13.185185395195
D;M-Treven;Nataša Pirc Musar;NA;f1;f;TRUE;e;e;250.4318824;505.5552934;1811.477988;2515.286336;3720.264029;4.96731634586995;12.347106803435
D;M-Treven;Nataša Pirc Musar;NA;f1;f;TRUE;O;ɔ;190.5575976;767.9262272;1158.370173;2579.83935;3645.18926;7.01716236309808;9.42901788922415
D;M-Treven;Nataša Pirc Musar;NA;f1;f;TRUE;i;i;184.0401162;377.1389294;2027.586789;2578.432292;3676.710887;3.79627028287521;13.1022053135105
D;M-Treven;Nataša Pirc Musar;NA;f1;f;TRUE;e;e;181.4599359;442.751718;1970.089367;2543.079468;3809.604903;4.4102414201416;12.9094134578136
D;M-Treven;Nataša Pirc Musar;NA;f1;f;TRUE;O;ɔ;143.0974085;605.362063;968.9297334;2490.770825;3497.157672;5.7964975899934;8.33911210474791
D;M-Treven;Nataša Pirc Musar;NA;f1;f;TRUE;E;ɛ;128.5654881;667.6072843;1898.878051;2476.874878;3133.601705;6.28172997160845;12.6626741074695
D;M-Treven;Nataša Pirc Musar;NA;f1;f;TRUE;e;e;189.1869543;489.8832256;1916.418375;2558.382657;3755.607783;4.83097767481118;12.7242908590846
D;M-Treven;Nataša Pirc Musar;NA;f1;f;TRUE;o;o;177.6024337;555.2826552;826.6749214;2431.81468;3478.838618;5.38866999724063;7.42326159952645
D;M-Treven;Nataša Pirc Musar;NA;f1;f;TRUE;e;e;162.4080717;472.365419;2037.468367;2570.825651;3831.250263;4.67650260214458;13.1347802819924
D;M-Treven;Nataša Pirc Musar;NA;f1;f;TRUE;a;a;143.7943068;776.4374458;1330.173184;2641.173798;3909.809639;7.07707611052747;10.3089258159609
D;M-Treven;Nataša Pirc Musar;NA;f1;f;TRUE;i;i;195.8186194;363.6158442;2011.84007;2488.950885;3724.182613;3.66541844979902;13.0499607552426
D;M-Treven;Nataša Pirc Musar;NA;f1;f;TRUE;a;a;173.3755316;812.5761555;1376.725286;2594.791336;3653.363532;7.32737361469384;10.5317452004588
D;M-Treven;Nataša Pirc Musar;NA;f1;f;TRUE;e;e;185.2909207;432.3061712;1938.279156;2518.743781;3844.41794;4.31475130708637;12.800308603574
D;M-Treven;Nataša Pirc Musar;NA;f1;f;TRUE;i;i;222.0730915;345.247858;1967.068326;2623.752601;3583.954312;3.4852277078832;12.8991276448904
D;M-Treven;Nataša Pirc Musar;NA;f1;f;TRUE;e;e;157.7076965;476.8625324;2004.476501;2624.755228;3827.36429;4.71637082464094;13.0253874460486
D;M-Treven;Nataša Pirc Musar;NA;f1;f;TRUE;i;i;182.1623309;377.5805646;2183.061349;2576.040462;3647.508289;3.8005180964568;13.596721724943
D;M-Treven;Nataša Pirc Musar;NA;f1;f;TRUE;u;u;156.9902473;586.7219681;2384.759397;2837.718291;3496.058299;5.64657371389327;14.1855212962349
D;M-Treven;Nataša Pirc Musar;NA;f1;f;TRUE;o;o;145.9777522;581.3093041;1359.06864;2231.498177;3457.851934;5.60262715316755;10.4479682767874
D;M-Treven;Nataša Pirc Musar;NA;f1;f;TRUE;@;ə;174.0763396;559.4915255;1463.667475;2629.884045;3709.094302;5.42356945909084;10.9316636373981
D;M-Treven;Nataša Pirc Musar;NA;f1;f;TRUE;o;o;158.6051363;532.749817;975.941427;2519.886999;3495.306101;5.19982595219262;8.38195901159577
D;M-Treven;Nataša Pirc Musar;NA;f1;f;TRUE;e;e;167.1352016;433.4730573;2132.669085;2670.068517;3894.424199;4.32545998972837;13.4405549071652
D;M-Treven;Nataša Pirc Musar;NA;f1;f;TRUE;i;i;139.7277329;359.8675182;2075.231042;2398.778308;4055.684858;3.62887893909907;13.2577964500502
D;M-Treven;Nataša Pirc Musar;NA;f1;f;TRUE;e;e;87.29731389;438.8707627;2130.157962;3057.790919;3057.790919;4.37485995783444;13.4326722223937
D;M-Treven;Nataša Pirc Musar;NA;f1;f;TRUE;o;o;196.7114489;560.6752201;873.7165392;2509.357235;3526.967285;5.43336351903545;7.73629625508169
D;M-Treven;Nataša Pirc Musar;NA;f1;f;TRUE;a;a;143.3069312;787.5154351;1521.097202;2393.165715;3180.304825;7.15450234903323;11.1848742534941
D;M-Treven;Nataša Pirc Musar;NA;f1;f;TRUE;a;a;177.1064597;815.7223114;1421.041894;2487.309734;3140.907563;7.34885556088051;10.738163593521
D;M-Treven;Nataša Pirc Musar;NA;f1;f;TRUE;a;a;170.9770861;796.7688143;1446.76824;2551.554723;3882.88206;7.21869905687289;10.8555283899206
D;M-Treven;Nataša Pirc Musar;NA;f1;f;TRUE;O;ɔ;171.5853517;711.3298555;1059.792551;2551.41574;3671.580863;6.60904851049758;8.87893714136127
D;M-Treven;Nataša Pirc Musar;NA;f1;f;TRUE;a;a;145.0539899;731.2584383;1416.30451;2618.512106;3560.675626;6.75471054723641;10.7163564233133
D;M-Treven;Nataša Pirc Musar;NA;f1;f;TRUE;o;o;172.663189;618.5808372;3382.168032;3382.168032;NA;5.90150371944135;16.4436190241049
D;M-Treven;Nataša Pirc Musar;NA;f1;f;TRUE;o;o;157.0453946;635.9040315;2729.110207;3228.083797;3900.780441;6.03749512988111;15.0736948204894
D;M-Treven;Nataša Pirc Musar;NA;f1;f;TRUE;e;e;155.3564312;482.7146307;1885.617514;2486.991441;3717.372647;4.76803157782634;12.615718565692
D;M-Treven;Nataša Pirc Musar;NA;f1;f;TRUE;E;ɛ;131.0250258;591.665189;1918.019695;2533.402132;3541.231749;5.68654587971494;12.7298883108431
D;M-Treven;Nataša Pirc Musar;NA;f1;f;TRUE;e;e;159.5462152;484.1340886;1922.1605;2603.264362;3750.295287;4.780524891374;12.7443411832149
D;M-Treven;Nataša Pirc Musar;NA;f1;f;TRUE;a;a;165.5132984;750.2080118;1248.907917;2397.713996;3771.381516;6.89122992360272;9.90445998477681
D;M-Treven;Nataša Pirc Musar;NA;f1;f;TRUE;o;o;154.1202625;502.4642065;898.381606;2569.733473;3468.931185;4.94056291852135;7.89631047103792
D;M-Treven;Nataša Pirc Musar;NA;f1;f;TRUE;a;a;151.0573444;862.7831286;1371.799442;2538.14066;3654.373861;7.66447142198213;10.5084624525728
D;M-Treven;Nataša Pirc Musar;NA;f1;f;TRUE;a;a;143.6689424;861.7553418;1473.060644;2376.21248;3274.589492;7.65769096363973;10.9736580943194
D;M-Treven;Nataša Pirc Musar;NA;f1;f;TRUE;o;o;160.3408767;528.9055639;863.2605066;2730.599975;3687.502255;5.16726645069637;7.66761907476895
D;M-Treven;Nataša Pirc Musar;NA;f1;f;TRUE;a;a;152.388738;892.3907834;1455.713933;2820.428371;3869.192268;7.85769955441933;10.8959248020376
D;M-Treven;Nataša Pirc Musar;NA;f1;f;TRUE;e;e;172.8489923;425.0659844;1961.022797;2474.916352;3730.305028;4.24807285681064;12.8784966881079
D;M-Treven;Nataša Pirc Musar;NA;f1;f;TRUE;e;e;179.8042365;447.0310552;2088.458262;2574.601353;3843.237829;4.44912254352538;13.3003429060324
D;M-Treven;Nataša Pirc Musar;NA;f1;f;TRUE;i;i;182.6122173;437.9161077;2032.070995;2755.760288;3731.813037;4.36613911418199;13.1170076419445
D;M-Treven;Nataša Pirc Musar;NA;f1;f;TRUE;a;a;160.1981062;940.0509738;1560.687351;2892.838185;3721.397088;8.16045642137602;11.3546190271412
D;M-Treven;Nataša Pirc Musar;NA;f1;f;TRUE;e;e;205.1646537;416.648338;1901.762584;2663.397739;3758.047811;4.17003986840564;12.6728455318008
D;M-Treven;Nataša Pirc Musar;NA;f1;f;TRUE;a;a;172.3807664;863.7295535;1524.396112;2648.559442;3842.731368;7.67071075880213;11.1991658149801
D;M-Treven;Nataša Pirc Musar;NA;f1;f;TRUE;O;ɔ;155.6020443;659.6266019;1091.043777;2483.32735;3782.19602;6.220805318633;9.05717271835789
D;M-Treven;Nataša Pirc Musar;NA;f1;f;TRUE;u;u;156.1803983;397.5857171;1482.641008;2323.345928;3600.250934;3.99126639474329;11.0162533944463
D;M-Treven;Nataša Pirc Musar;NA;f1;f;TRUE;o;o;168.7231848;632.3033424;2657.40942;3523.357708;4577.06783;6.00937844868475;14.8996793006066
D;M-Treven;Nataša Pirc Musar;NA;f1;f;TRUE;o;o;165.4536291;491.392651;1036.765745;2531.350598;3462.87576;4.84418473859576;8.74522936012805
D;M-Treven;Nataša Pirc Musar;NA;f1;f;TRUE;i;i;161.8045295;352.5320654;2000.729928;2519.710976;3597.976032;3.55702859293723;13.0128495112682
D;M-Treven;Nataša Pirc Musar;NA;f1;f;TRUE;@;ə;165.2687825;593.5104899;1337.215928;2485.426605;3684.742649;5.70142779211459;10.3430395013669
D;M-Treven;Nataša Pirc Musar;NA;f1;f;TRUE;i;i;191.4734453;382.5205048;2096.125972;2783.229623;3644.938247;3.84792314418336;13.3248796800831
D;M-Treven;Nataša Pirc Musar;NA;f1;f;TRUE;a;a;150.8716852;880.9546879;1504.347932;2601.016484;3791.138628;7.78354167076048;11.1118930340049
D;M-Treven;Nataša Pirc Musar;NA;f1;f;TRUE;u;u;194.9173967;430.5997517;942.3174792;2394.563053;3388.626027;4.29907242622592;8.17460650787097
D;M-Treven;Nataša Pirc Musar;NA;f1;f;TRUE;a;a;157.8609909;797.6396938;1437.017258;2786.684839;3817.788502;7.22471873242079;10.8112531526739
D;M-Treven;Nataša Pirc Musar;NA;f1;f;TRUE;O;ɔ;199.9490591;756.6932632;1030.386533;2709.451178;3730.712329;6.93751451891773;8.70782348699134
D;M-Treven;Nataša Pirc Musar;NA;f1;f;TRUE;a;a;171.6695388;867.6322303;1540.849445;2828.004997;3760.209434;7.69639516026279;11.2700428951466
D;M-Treven;Nataša Pirc Musar;NA;f1;f;TRUE;a;a;206.9881587;793.6867603;1433.169757;2493.311619;3519.42669;7.19736476436586;10.7937132053013
D;M-Treven;Nataša Pirc Musar;NA;f1;f;TRUE;i;i;194.9977959;310.9732071;2046.730644;2486.992649;3616.716862;3.1411977298039;13.1651678166365
D;M-Treven;Nataša Pirc Musar;NA;f1;f;TRUE;i;i;203.9239825;273.5863257;2019.501573;2807.077698;3475.770923;2.75388892232239;13.0754317805719
D;M-Treven;Nataša Pirc Musar;NA;f1;f;TRUE;@;ə;216.3446973;522.8251828;1540.095071;2636.880327;3450.949193;5.11556185750477;11.2668078054843
D;M-Treven;Nataša Pirc Musar;NA;f1;f;TRUE;e;e;174.2862905;493.1855021;2116.37603;2648.106852;3665.021978;4.85985058405991;13.3892363380421
D;M-Treven;Nataša Pirc Musar;NA;f1;f;TRUE;e;e;183.4586665;450.854015;2069.716078;2606.438304;3738.860832;4.48374038699311;13.2399746029551
D;M-Treven;Nataša Pirc Musar;NA;f1;f;TRUE;a;a;160.6336233;818.022896;1477.409388;2441.332234;3780.774748;7.36453314921851;10.9930224920419
D;M-Treven;Nataša Pirc Musar;NA;f1;f;TRUE;O;ɔ;149.6941304;744.759637;1141.787311;2926.51954;3764.268301;6.85217385191259;9.33892869777105
D;M-Treven;Nataša Pirc Musar;NA;f1;f;TRUE;i;i;141.5407611;385.2437373;2015.067756;2522.948431;3614.184197;3.87397065462531;13.0607033174003
D;M-Treven;Nataša Pirc Musar;NA;f1;f;TRUE;e;e;98.4420013;481.7426164;1948.432361;2692.699362;3632.993942;4.75946804586885;12.8353257299928
D;M-Treven;Nataša Pirc Musar;NA;f1;f;TRUE;i;i;98.45853563;344.5741842;2164.408864;2493.138456;3732.239739;3.47856433337547;13.5393620727899
D;M-Treven;Nataša Pirc Musar;NA;f1;f;TRUE;o;o;220.3712805;587.46644;1017.280977;2712.066926;3633.072275;5.65260362888235;8.63047333256783
D;M-Treven;Nataša Pirc Musar;NA;f1;f;TRUE;o;o;199.7961212;819.7008439;1721.013942;3296.803393;3895.497126;7.375951344795;12.0046941120116
D;M-Treven;Nataša Pirc Musar;NA;f1;f;TRUE;i;i;181.2782691;413.4944734;2117.160582;2738.682197;3605.752863;4.1406604780814;13.3917168570723
D;M-Treven;Nataša Pirc Musar;NA;f1;f;TRUE;e;e;159.1155354;431.4180139;2077.354567;2723.882828;3682.633238;4.30659355471538;13.2646457307697
D;M-Treven;Nataša Pirc Musar;NA;f1;f;TRUE;e;e;163.9347534;493.6090341;1873.815835;2478.543171;3634.479435;4.86354804302601;12.5736556523456
D;M-Treven;Nataša Pirc Musar;NA;f1;f;TRUE;o;o;178.8570475;713.5257695;2756.973178;3487.067876;4286.74868;6.6252053466358;15.1398900148336
D;M-Treven;Nataša Pirc Musar;NA;f1;f;TRUE;o;o;174.7853277;547.4012301;827.4846739;2765.119545;3428.964148;5.3230030227335;7.4287394022224
D;M-Treven;Nataša Pirc Musar;NA;f1;f;TRUE;a;a;159.1057314;865.7096537;1369.491475;2724.226555;3845.306826;7.68375111392146;10.4975297955974
D;M-Treven;Nataša Pirc Musar;NA;f1;f;TRUE;o;o;162.0318501;524.406827;832.674156;2824.731771;3564.096324;5.1290357420838;7.46376972583693
D;M-Treven;Nataša Pirc Musar;NA;f1;f;TRUE;e;e;160.9547405;452.8165435;2040.545383;2808.204091;3704.651161;4.50146895438012;13.1448909162993
D;M-Treven;Nataša Pirc Musar;NA;f1;f;TRUE;a;a;150.213898;867.7662792;1297.656501;2736.09966;3692.652955;7.69727610710947;10.1495086532698
D;M-Treven;Nataša Pirc Musar;NA;f1;f;TRUE;o;o;167.6660496;648.4329423;1341.089616;3185.848162;4138.640808;6.13472459427465;10.3617408454142
D;M-Treven;Nataša Pirc Musar;NA;f1;f;TRUE;e;e;175.7721002;455.7364933;2100.172843;2608.991229;3713.118259;4.52779310750995;13.3377923571418
D;M-Treven;Nataša Pirc Musar;NA;f1;f;TRUE;a;a;177.6958916;909.0363551;1428.070619;2734.42214;3463.54094;7.9645820351522;10.7704059244463
D;M-Treven;Nataša Pirc Musar;NA;f1;f;TRUE;e;e;174.0185874;599.0585287;2064.657496;2551.621286;3682.171023;5.74604213593577;13.2235846274557
D;M-Treven;Nataša Pirc Musar;NA;f1;f;TRUE;o;o;167.746085;479.5430441;963.147254;2578.992594;3241.459202;4.74006442596468;8.30362199574637
D;M-Treven;Nataša Pirc Musar;NA;f1;f;TRUE;a;a;163.4559093;783.7495368;1368.378572;2364.553311;3854.732819;7.12825189208575;10.492252643958
D;M-Treven;Nataša Pirc Musar;NA;f1;f;TRUE;E;ɛ;161.7576915;623.465597;2001.940238;2649.362877;3782.529167;5.94003493097803;13.0169024156391
D;M-Treven;Nataša Pirc Musar;NA;f1;f;TRUE;e;e;164.623005;451.475774;2089.630328;2534.949139;3632.659217;4.48936019073605;13.3040995488712
D;M-Treven;Nataša Pirc Musar;NA;f1;f;TRUE;i;i;174.0840886;348.4238133;2074.219146;2681.945852;3658.261963;3.5165890105419;13.2545301139374
D;M-Treven;Nataša Pirc Musar;NA;f1;f;TRUE;e;e;168.1933351;451.9351743;2187.805172;2847.164952;3690.405974;4.49351064493243;13.6112275237213
D;M-Treven;Nataša Pirc Musar;NA;f1;f;TRUE;e;e;165.6202882;405.1404535;2193.966374;2710.104132;3794.689739;4.06246111251507;13.6300179662263
D;M-Treven;Nataša Pirc Musar;NA;f1;f;TRUE;@;ə;161.0611727;598.4587141;1437.176605;2516.889218;3589.692467;5.74122807829444;10.8119787253156
D;M-Treven;Nataša Pirc Musar;NA;f1;f;TRUE;e;e;159.0361933;479.0293091;1961.478112;2490.970796;3731.46594;4.73552744940567;12.8800527099206
D;M-Treven;Nataša Pirc Musar;NA;f1;f;TRUE;u;u;165.4436961;633.0964313;1998.781116;3079.69989;4355.472428;6.01557814290144;13.0063184146198
D;M-Treven;Nataša Pirc Musar;NA;f1;f;TRUE;i;i;189.9879573;318.022495;2111.824092;2982.203001;3820.367697;3.21280021802419;13.3748256081982
D;M-Treven;Nataša Pirc Musar;NA;f1;f;TRUE;e;e;221.1287503;444.3503507;1991.341294;2587.870702;3792.162839;4.42478244208405;12.9813259320849
D;M-Treven;Nataša Pirc Musar;NA;f1;f;TRUE;i;i;213.4944318;400.0089978;1939.534673;2382.564963;3618.567994;4.01415268798345;12.8046486038874
D;M-Treven;Nataša Pirc Musar;NA;f1;f;TRUE;u;u;195.3214211;623.7516678;2366.033219;3397.414158;4904.814493;5.94228695471226;14.1331677081881
D;M-Treven;Nataša Pirc Musar;NA;f1;f;TRUE;u;u;179.9611151;585.8428395;2517.674839;3507.960144;4416.323562;5.63944859411656;14.544534185842
D;M-Treven;Nataša Pirc Musar;NA;f1;f;TRUE;a;a;142.7903894;842.0222678;1299.742105;2565.095421;3629.583655;7.52654446759354;10.1598290455557
D;M-Treven;Nataša Pirc Musar;NA;f1;f;TRUE;u;u;177.7981454;556.8810534;1246.32228;3114.411239;3914.48554;5.40193747534688;9.89125444944355
D;M-Treven;Nataša Pirc Musar;NA;f1;f;TRUE;e;e;171.3281879;489.8781696;1992.705852;2572.236049;3794.422738;4.83093340883166;12.9859169167845
D;M-Treven;Nataša Pirc Musar;NA;f1;f;TRUE;e;e;149.8276111;445.9606471;2102.466515;2625.928354;3796.208818;4.43941002055137;13.3450995384266
D;M-Treven;Nataša Pirc Musar;NA;f1;f;TRUE;e;e;197.1630548;425.5306544;1996.344732;2594.123686;3758.996398;4.25236438648214;12.9981442570005
D;M-Treven;Nataša Pirc Musar;NA;f1;f;TRUE;o;o;188.0877011;730.5464019;760.8436713;2578.097744;3588.625849;6.74954330061279;6.96701978203212
D;M-Treven;Nataša Pirc Musar;NA;f1;f;TRUE;a;a;172.5800727;873.8057551;1552.837725;2393.13351;3795.451381;7.73688006122858;11.3212674556437
D;M-Treven;Nataša Pirc Musar;NA;f1;f;TRUE;u;u;191.9587585;358.4551075;1168.191496;2569.166204;3742.527534;3.61507979946944;9.48192351804795
D;M-Treven;Nataša Pirc Musar;NA;f1;f;TRUE;o;o;184.4804764;567.1118121;950.0563076;2524.592768;3499.464268;5.48646021739198;8.22275490038975
D;M-Treven;Nataša Pirc Musar;NA;f1;f;TRUE;e;e;184.9621465;418.3595298;2221.424251;2792.057393;3729.031894;4.18594763256049;13.7130857512406
D;M-Treven;Nataša Pirc Musar;NA;f1;f;TRUE;i;i;189.1655635;314.5184023;2249.62814;2665.389159;3597.61294;3.1772631978428;13.7972822272135
D;M-Treven;Nataša Pirc Musar;NA;f1;f;TRUE;o;o;226.2189782;566.5536671;1765.13566;3118.572051;NA;5.48186668335663;12.1737754766225
D;M-Treven;Nataša Pirc Musar;NA;f1;f;TRUE;i;i;257.4529049;304.3104752;2190.879233;2502.459304;3730.306439;3.07311182122292;13.6206097719635
D;M-Treven;Nataša Pirc Musar;NA;f1;f;TRUE;o;o;236.0167396;464.908839;957.4489433;2360.217092;3513.618074;4.61007197842954;8.26851084586177
D;M-Treven;Nataša Pirc Musar;NA;f1;f;TRUE;u;u;235.4194377;409.2270805;964.9638764;2516.540934;3614.902929;4.10078365029054;8.31478667754531
D;M-Treven;Nataša Pirc Musar;NA;f1;f;TRUE;e;e;177.5994611;429.0043255;2271.230499;2751.151882;3775.647599;4.28439311092407;13.861012187254
D;M-Treven;Nataša Pirc Musar;NA;f1;f;TRUE;o;o;212.4476959;491.8886197;818.4700348;2684.629508;3259.542661;4.84852078116442;7.36757721269343
D;M-Treven;Nataša Pirc Musar;NA;f1;f;TRUE;i;i;256.1212287;320.2892045;2032.268329;2605.065058;3828.371426;3.2357300467411;13.1176582760502
D;M-Treven;Nataša Pirc Musar;NA;f1;f;TRUE;e;e;212.1608975;432.2555103;2108.622869;2644.21275;3877.463805;4.31428614805018;13.3646717201599
D;M-Treven;Nataša Pirc Musar;NA;f1;f;TRUE;e;e;207.7207473;434.6668086;2142.811594;2583.372275;3890.595481;4.33640441865019;13.4722951380838
D;M-Treven;Nataša Pirc Musar;NA;f1;f;TRUE;e;e;173.2906073;408.7633475;2261.256041;2830.088068;3731.521563;4.09644162323818;13.8316672076703
D;M-Treven;Nataša Pirc Musar;NA;f1;f;TRUE;i;i;231.631771;364.0171013;2068.388461;2515.003221;3710.222442;3.66932300859313;13.2356770632404
D;M-Treven;Nataša Pirc Musar;NA;f1;f;TRUE;e;e;202.7543508;427.8181975;2210.733282;2692.101474;3835.42177;4.27346698378615;13.6808725931279
D;M-Treven;Nataša Pirc Musar;NA;f1;f;TRUE;e;e;183.1136245;408.0084707;2042.748752;2591.921451;3819.203576;4.0893699198354;13.1521213206939
D;M-Treven;Nataša Pirc Musar;NA;f1;f;TRUE;i;i;187.7214312;317.6575404;2072.603584;2440.431966;3697.277318;3.20910410457419;13.2493117844533
D;M-Treven;Nataša Pirc Musar;NA;f1;f;TRUE;e;e;142.5253531;432.0845153;2178.620868;2704.736607;3611.035117;4.31271595802717;13.5831133616755
D;M-Treven;Nataša Pirc Musar;NA;f1;f;TRUE;e;e;131.4104038;467.0836255;2076.645655;2597.472509;3760.519621;4.62948930151727;13.2623599862148
D;M-Treven;Nataša Pirc Musar;NA;f1;f;TRUE;e;e;227.3045951;451.6556321;2027.879557;2662.378499;3851.060396;4.4909853079467;13.1031727541113
D;M-Treven;Nataša Pirc Musar;NA;f1;f;TRUE;i;i;182.3729144;415.4227993;1984.729635;2425.218136;3606.276354;4.15863279939682;12.9590363694976
D;M-Treven;Nataša Pirc Musar;NA;f1;f;TRUE;E;ɛ;187.355554;582.623729;1881.986543;2576.482413;3846.239884;5.61331644762606;12.6028047751129
D;M-Treven;Nataša Pirc Musar;NA;f1;f;TRUE;E;ɛ;169.6691074;666.6659776;1901.812194;2570.778774;3886.471607;6.27456327979203;12.6730203333964
D;M-Treven;Nataša Pirc Musar;NA;f1;f;TRUE;e;e;214.0871734;424.2814878;2143.716846;2650.257437;3843.319011;4.24082372451493;13.4751204305873
D;M-Treven;Nataša Pirc Musar;NA;f1;f;TRUE;u;u;239.7206367;317.7426625;1019.664182;2532.003497;3658.210614;3.20996629288889;8.64458983618443
D;M-Treven;Nataša Pirc Musar;NA;f1;f;TRUE;a;a;188.015505;917.6324465;1444.072649;2609.954707;3648.337046;8.01929402835568;10.8433141773761
D;M-Treven;Nataša Pirc Musar;NA;f1;f;TRUE;e;e;191.3370685;426.7250057;2187.226016;2476.396854;3965.88724;4.26338733012588;13.6094583422096
D;M-Treven;Nataša Pirc Musar;NA;f1;f;TRUE;i;i;194.3152854;334.3764632;2090.770625;2472.492054;3604.570949;3.3772197270926;13.307752281086
D;M-Treven;Nataša Pirc Musar;NA;f1;f;TRUE;i;i;234.5141445;284.6278608;2103.183305;2847.610833;3916.332733;2.86961607058032;13.3473813964197
D;M-Treven;Nataša Pirc Musar;NA;f1;f;TRUE;u;u;198.2780176;478.3789543;1246.880874;2768.716684;4164.825358;4.72978119281498;9.89410914074384
D;M-Treven;Nataša Pirc Musar;NA;f1;f;TRUE;o;o;208.58565;438.9629946;867.8185662;2805.910717;3895.500132;4.37570213534631;7.69761970584518
D;M-Treven;Nataša Pirc Musar;NA;f1;f;TRUE;E;ɛ;168.8499213;636.0220274;1981.436394;2620.549066;3840.650992;6.03841520396184;12.9479061268139
D;M-Treven;Nataša Pirc Musar;NA;f1;f;TRUE;o;o;133.4129793;581.3539421;643.0318014;2895.116952;4279.477463;5.60299034404539;6.09292430936184
D;M-Treven;Nataša Pirc Musar;NA;f1;f;TRUE;o;o;225.3222139;466.8999873;927.8226141;2660.147586;3395.093946;4.62785105485092;8.08372999940073
D;M-Treven;Nataša Pirc Musar;NA;f1;f;TRUE;i;i;187.5007716;291.0327222;2035.591048;2820.442169;3474.800462;2.93622561512847;13.1286040316106
D;M-Treven;Nataša Pirc Musar;NA;f1;f;TRUE;e;e;168.6093329;417.4655291;2009.955036;2548.141114;3856.053902;4.1776395843299;13.0436788015248
D;M-Treven;Nataša Pirc Musar;NA;f1;f;TRUE;o;o;157.9515642;562.5031246;963.5928883;2493.786608;3442.391426;5.44846980780941;8.30636207992858
D;M-Treven;Nataša Pirc Musar;NA;f1;f;TRUE;e;e;191.1505916;412.2005156;2095.529237;2524.537582;3869.453456;4.12858419242475;13.322973449534
D;M-Treven;Nataša Pirc Musar;NA;f1;f;TRUE;a;a;113.039187;863.3567568;1338.388708;2605.990529;3807.660244;7.66825358380937;10.3487060707704
D;M-Treven;Nataša Pirc Musar;NA;f1;f;TRUE;u;u;249.206213;661.4750308;2794.834045;3730.575502;4957.075612;6.23494926229987;15.2285943141892
D;M-Treven;Nataša Pirc Musar;NA;f1;f;TRUE;E;ɛ;187.9173882;648.4530559;1781.729534;2424.317979;3895.982211;6.13487993309146;12.2363339566595
D;M-Treven;Nataša Pirc Musar;NA;f1;f;TRUE;a;a;144.5557059;905.2065791;1461.184842;2531.358848;3788.23297;7.94010074690464;10.9205258918191
D;M-Treven;Nataša Pirc Musar;NA;f1;f;TRUE;E;ɛ;154.2925042;623.9583882;1860.776907;2691.242014;3975.609812;5.94391400110551;12.5268808624424
D;M-Treven;Nataša Pirc Musar;NA;f1;f;TRUE;o;o;179.3200156;627.8565732;1617.706914;2901.221837;4184.611663;5.97454700689901;11.5924916984186
D;M-Treven;Nataša Pirc Musar;NA;f1;f;TRUE;a;a;172.3802035;752.3038206;1483.346206;2755.426808;3958.975803;6.90621170943315;11.0193794128408
D;M-Treven;Nataša Pirc Musar;NA;f1;f;TRUE;E;ɛ;175.6946603;587.3819272;1906.459611;2536.014833;3801.959487;5.65191928743931;12.6893756855747
D;M-Treven;Nataša Pirc Musar;NA;f1;f;TRUE;a;a;133.8557371;837.9686733;1457.350928;2287.353728;3647.36218;7.49937514832004;10.9032941517793
D;M-Treven;Nataša Pirc Musar;NA;f1;f;TRUE;i;i;176.863441;327.231492;2101.004285;2885.962034;3672.99204;3.30567484585858;13.3404421191838
D;M-Treven;Nataša Pirc Musar;NA;f1;f;TRUE;a;a;184.7454215;880.2188616;1334.796621;2813.270335;3815.077329;7.778749722971;10.3313372919354
D;M-Treven;Nataša Pirc Musar;NA;f1;f;TRUE;a;a;189.1780237;913.1375892;1447.290504;2629.663152;3716.733038;7.9907262118166;10.8578926280834
D;M-Treven;Nataša Pirc Musar;NA;f1;f;TRUE;u;u;197.5269117;360.5825952;987.7466093;2382.682252;3540.403546;3.63585877930315;8.45363736957077
D;M-Treven;Nataša Pirc Musar;NA;f1;f;TRUE;e;e;160.955572;467.6672805;2040.091108;2549.61856;3827.367741;4.63469447478101;13.1433992123561
D;M-Treven;Nataša Pirc Musar;NA;f1;f;TRUE;i;i;185.5638217;357.751869;2185.466858;2605.495871;3743.283098;3.60820294405725;13.6040815087949
D;M-Treven;Nataša Pirc Musar;NA;f1;f;TRUE;i;i;198.3435052;320.3410889;2131.909709;2896.278572;3929.304988;3.23625437098617;13.4381721648394
D;M-Treven;Nataša Pirc Musar;NA;f1;f;TRUE;u;u;204.8292906;207.9171153;726.0480723;2534.121837;3605.578085;2.04125045134469;6.71683560919864
D;M-Treven;Nataša Pirc Musar;NA;f1;f;TRUE;e;e;178.1140607;406.3125362;2108.90396;2687.463751;3801.009566;4.07346591114932;13.3655639463164
D;M-Treven;Nataša Pirc Musar;NA;f1;f;TRUE;u;u;201.9614156;484.9967059;2119.905244;3093.971354;4454.281989;4.78811010370777;13.4003871518149
D;M-Treven;Nataša Pirc Musar;NA;f1;f;TRUE;e;e;161.8837933;453.7832403;2064.104519;2440.956668;3689.787847;4.51019104504634;13.2217904649608
D;M-Treven;Nataša Pirc Musar;NA;f1;f;TRUE;a;a;132.5543992;731.1340959;1325.878882;2422.513179;3864.674729;6.75380839176413;10.2880532828355
D;M-Treven;Nataša Pirc Musar;NA;f1;f;TRUE;a;a;121.3514061;794.1003815;1335.750202;2432.819702;3889.385199;7.20023066661777;10.3359518230138
D;M-Treven;Nataša Pirc Musar;NA;f1;f;TRUE;@;ə;220.3792151;415.5777321;1720.007326;2558.752655;3781.291149;4.16007553280601;12.0007892960591
D;M-Treven;Nataša Pirc Musar;NA;f1;f;TRUE;@;ə;241.6781364;643.908494;1324.17057;2419.88939;3654.758104;6.09972096136186;10.279734824979
D;M-Treven;Nataša Pirc Musar;NA;f1;f;TRUE;a;a;179.2141082;789.873933;1309.794116;2617.676045;3617.253098;7.17090580866276;10.2093857240521
D;M-Treven;Nataša Pirc Musar;NA;f1;f;TRUE;E;ɛ;171.8779086;608.1820995;1737.775627;2659.965936;3688.426596;5.8189898519149;12.0694027922317
D;M-Treven;Nataša Pirc Musar;NA;f1;f;TRUE;u;u;165.3457092;702.8307855;2302.325772;3342.460229;4372.322296;6.54626390000477;13.9516133841306
D;M-Treven;Nataša Pirc Musar;NA;f1;f;TRUE;a;a;221.9426373;911.9748809;1401.190094;2677.829911;3646.853942;7.98332186765749;10.6463706810865
D;M-Treven;Nataša Pirc Musar;NA;f1;f;TRUE;o;o;141.467588;636.9537685;2588.069169;3226.663573;NA;6.04567752673106;14.7261739592334
D;M-Treven;Nataša Pirc Musar;NA;f1;f;TRUE;o;o;166.3569416;627.5507453;696.6764447;2547.008786;3748.857988;5.97214706399598;6.50054958750017
D;M-Treven;Nataša Pirc Musar;NA;f1;f;TRUE;o;o;162.6829702;496.6028073;842.636708;2475.195385;3416.338712;4.88964750025913;7.53065590912827
D;M-Treven;Nataša Pirc Musar;NA;f1;f;TRUE;e;e;164.2068492;461.5969504;1970.174352;2638.258201;3740.130338;4.58043517715854;12.9097025796681
D;M-Treven;Nataša Pirc Musar;NA;f1;f;TRUE;u;u;146.7906443;373.9271993;1166.392404;2306.346884;3530.887509;3.76533029832281;9.47225701394072
D;M-Treven;Nataša Pirc Musar;NA;f1;f;TRUE;a;a;120.4052378;824.8144423;1362.098299;2469.530854;3810.047732;7.4106637879253;10.4624066386544
D;M-Treven;Nataša Pirc Musar;NA;f1;f;TRUE;E;ɛ;185.7890049;711.7594208;2057.805216;2649.441585;3819.381535;6.61221120475519;13.2013171930931
D;M-Treven;Nataša Pirc Musar;NA;f1;f;TRUE;o;o;216.9195849;530.013457;818.6730928;2262.46069;3175.955582;5.17666023600129;7.36895928198265
D;M-Treven;Nataša Pirc Musar;NA;f1;f;TRUE;a;a;204.8232768;901.3071273;1391.262739;2721.679808;3620.488146;7.91510673194135;10.6000596036585
D;M-Treven;Nataša Pirc Musar;NA;f1;f;TRUE;o;o;198.6167825;523.6388175;887.8178426;2469.769057;3498.583739;5.12249528162321;7.82811757481472
D;M-Treven;Nataša Pirc Musar;NA;f1;f;TRUE;E;ɛ;188.5546151;753.7833987;1871.128028;2712.113157;3733.375825;6.91677446579849;12.564039683364
D;M-Treven;Nataša Pirc Musar;NA;f1;f;TRUE;@;ə;175.201607;563.950825;1249.955844;2338.410774;3586.894499;5.46041846159978;9.90980596813468
D;M-Treven;Nataša Pirc Musar;NA;f1;f;TRUE;E;ɛ;186.0700945;617.4263388;1657.790201;2632.767054;3939.120303;5.89237564427733;11.7552218673501
D;M-Treven;Nataša Pirc Musar;NA;f1;f;TRUE;O;ɔ;171.7982917;706.1846096;1089.542719;2461.98667;3749.224969;6.57108719223926;9.04869523007328
D;M-Treven;Nataša Pirc Musar;NA;f1;f;TRUE;i;i;191.0834755;349.1529966;2080.90333;2288.002852;3705.225607;3.52377723027831;13.2760759491863
D;M-Treven;Nataša Pirc Musar;NA;f1;f;TRUE;i;i;205.7336018;341.7411614;2136.729281;2868.406213;3645.532951;3.45049993230399;13.45327985432
D;M-Treven;Nataša Pirc Musar;NA;f1;f;TRUE;i;i;186.5600595;411.6621966;2314.046511;2815.051111;3715.467951;4.12355627233427;13.9854215800507
D;M-Treven;Nataša Pirc Musar;NA;f1;f;TRUE;a;a;169.7718872;787.9769629;1543.583168;2413.376127;3843.213062;7.15771451164373;11.2817546379536
D;M-Treven;Nataša Pirc Musar;NA;f1;f;TRUE;u;u;192.4510202;383.6273172;964.9687826;2505.340436;3647.145996;3.85851702173358;8.31481681151806
D;M-Treven;Nataša Pirc Musar;NA;f1;f;TRUE;a;a;177.866733;834.5018913;1444.057163;2503.311986;3903.744982;7.47607642292384;10.8432439516116
D;M-Treven;Nataša Pirc Musar;NA;f1;f;TRUE;a;a;170.2270741;708.8661803;1434.006329;2277.122088;3790.329757;6.5908899247645;10.7975303442989
D;M-Treven;Nataša Pirc Musar;NA;f1;f;TRUE;@;ə;166.6601142;541.058168;1392.737568;2270.042971;3558.181841;5.26985290613201;10.6069570211706
D;M-Treven;Nataša Pirc Musar;NA;f1;f;TRUE;a;a;135.1015221;803.4746509;1411.024338;2553.343364;3843.905453;7.26495313395169;10.6919784578073
D;M-Treven;Nataša Pirc Musar;NA;f1;f;TRUE;@;ə;231.6025524;655.9401992;1424.734125;2527.060443;3817.081191;6.19253774988053;10.7551173772032
D;M-Treven;Nataša Pirc Musar;NA;f1;f;TRUE;e;e;236.2649019;464.7645855;2063.970302;2603.875589;3781.175615;4.60878279638665;13.22135491659
D;M-Treven;Nataša Pirc Musar;NA;f1;f;TRUE;i;i;251.9220263;283.9486378;2041.662378;2585.464954;3535.343229;2.8625299586543;13.1485573553402
D;M-Treven;Nataša Pirc Musar;NA;f1;f;TRUE;u;u;191.8012096;456.514941;2137.28334;3140.192922;4133.52693;4.534800287618;13.4550143596366
D;M-Treven;Nataša Pirc Musar;NA;f1;f;TRUE;a;a;140.4022374;830.443957;1290.722727;2589.16173;3810.477877;7.4487312808483;10.1151024024449
D;M-Treven;Nataša Pirc Musar;NA;f1;f;TRUE;o;o;197.2322115;808.9981183;1516.56008;3026.800468;3594.66355;7.30288345639574;11.1651741978237
D;M-Treven;Nataša Pirc Musar;NA;f1;f;TRUE;u;u;171.0147787;397.1966733;1033.9506;2462.770312;3319.254603;3.9875877481046;8.72874180622753
D;M-Treven;Nataša Pirc Musar;NA;f1;f;TRUE;a;a;144.3634573;857.6519842;1401.883384;2584.048124;3713.998118;7.63057122218749;10.649594659325
D;M-Treven;Nataša Pirc Musar;NA;f1;f;TRUE;a;a;171.2582508;848.2494603;1326.607497;2611.173395;3606.397591;7.56812958290876;10.2915985714859
D;M-Treven;Nataša Pirc Musar;NA;f1;f;TRUE;u;u;215.9840246;505.3670136;1635.573898;3003.218982;3487.786134;4.96568869862971;11.6654762853771
D;M-Treven;Nataša Pirc Musar;NA;f1;f;TRUE;a;a;150.3897262;903.7884519;1407.071169;2678.12558;3876.193757;7.93101896226415;10.6736770675369
D;M-Treven;Nataša Pirc Musar;NA;f1;f;TRUE;o;o;231.9158203;669.0266832;2044.019156;2754.671983;3934.857146;6.29252694170449;13.1562865629007
D;M-Treven;Nataša Pirc Musar;NA;f1;f;TRUE;e;e;198.272931;413.8379455;2208.203173;2750.860325;3829.79008;4.14386383299137;13.6732248935506
D;M-Treven;Nataša Pirc Musar;NA;f1;f;TRUE;e;e;206.4989258;413.6312323;2072.919788;2720.690786;3650.256173;4.141936056056;13.2503334650106
D;M-Treven;Nataša Pirc Musar;NA;f1;f;TRUE;e;e;204.5003603;416.5705525;2002.735908;2643.548335;3695.487627;4.16931620619329;13.0195654870877
D;M-Treven;Nataša Pirc Musar;NA;f1;f;TRUE;u;u;212.6465695;388.6242993;709.5057092;2410.197382;3539.500661;3.90622143709335;6.59560681106484
D;M-Treven;Nataša Pirc Musar;NA;f1;f;TRUE;i;i;182.7929017;363.4899181;2119.639505;2703.033214;3519.85822;3.66419280813147;13.3995482013551
D;M-Treven;Nataša Pirc Musar;NA;f1;f;TRUE;e;e;158.6174399;373.9211191;2134.928731;2682.783159;3646.217923;3.76527164437192;13.4476399146591
D;M-Treven;Nataša Pirc Musar;NA;f1;f;TRUE;E;ɛ;130.2668384;702.4581083;1880.612355;2570.250117;3889.599732;6.54350167306405;12.5979110144794
D;M-Treven;Nataša Pirc Musar;NA;f1;f;TRUE;a;a;212.0923853;792.9922224;1416.158217;2403.269658;3595.914651;7.19255050688442;10.7156820319005
D;M-Treven;Nataša Pirc Musar;NA;f1;f;TRUE;i;i;225.8920498;358.6459303;1944.423967;2400.85138;3606.195702;3.6169451051972;12.8215230404972
D;M-Treven;Nataša Pirc Musar;NA;f1;f;TRUE;a;a;191.5288926;801.6597536;1453.192548;2527.013224;3753.599734;7.2524568960746;10.8845603167653
D;M-Treven;Nataša Pirc Musar;NA;f1;f;TRUE;u;u;191.6145884;472.2713288;635.4236999;2321.072504;3640.332484;4.67566689053347;6.03374887652269
D;M-Treven;Nataša Pirc Musar;NA;f1;f;TRUE;a;a;170.5752737;894.419046;1394.958278;2314.436223;3774.102689;7.87078987591649;10.6173313031704
D;M-Treven;Nataša Pirc Musar;NA;f1;f;TRUE;a;a;157.6339593;724.813484;1583.195856;2395.805518;3878.662152;6.70783965696144;11.4494339981188
D;M-Treven;Nataša Pirc Musar;NA;f1;f;TRUE;a;a;159.3014185;809.9162987;1305.446156;2462.750688;3893.100156;7.30917404953281;10.1879876103766
D;M-Treven;Nataša Pirc Musar;NA;f1;f;TRUE;u;u;153.9752671;438.9161515;1015.14499;2537.200794;3898.692621;4.37527441501325;8.61780196372883
D;M-Treven;Nataša Pirc Musar;NA;f1;f;TRUE;e;e;214.0081703;436.9548646;2112.290964;2656.884818;3713.781785;4.35735106903272;13.3763051352339
D;M-Treven;Nataša Pirc Musar;NA;f1;f;TRUE;e;e;181.1031082;446.4001834;1967.499273;2535.540492;3955.602524;4.44339927062524;12.9005958684082
D;M-Treven;Nataša Pirc Musar;NA;f1;f;TRUE;u;u;207.5343529;456.0084954;978.9106761;2159.782383;3292.436181;4.53024204176066;8.40004181435965
D;M-Treven;Nataša Pirc Musar;NA;f1;f;TRUE;e;e;172.0617469;449.7169266;2008.762649;2542.771363;3850.210321;4.47345524781525;13.0397020413301
D;M-Treven;Nataša Pirc Musar;NA;f1;f;TRUE;i;i;170.4550358;344.2492187;1863.750049;2236.68162;3579.67698;3.47534867428704;12.5375745468137
D;M-Treven;Nataša Pirc Musar;NA;f1;f;TRUE;u;u;204.0894207;390.3135449;1168.864018;2314.566808;3535.139076;3.92230218813815;9.48553411791001
D;M-Treven;Nataša Pirc Musar;NA;f1;f;TRUE;a;a;138.3462897;871.7753915;1481.181795;2501.355435;3836.666927;7.72358477097812;11.0097808920322
D;M-Treven;Nataša Pirc Musar;NA;f1;f;TRUE;O;ɔ;184.8733189;679.2055817;1091.311782;2539.522199;3926.977314;6.36961470665262;9.05868544604859
D;M-Treven;Nataša Pirc Musar;NA;f1;f;TRUE;o;o;175.0074246;486.9046322;1102.897246;2664.892549;3191.091135;4.80486798688402;9.12382537852855
D;M-Treven;Nataša Pirc Musar;NA;f1;f;TRUE;e;e;171.9327361;455.8133439;2125.393802;2670.237992;3855.847832;4.52848507742362;13.4176903802333
D;M-Treven;Nataša Pirc Musar;NA;f1;f;TRUE;E;ɛ;155.4191686;620.5727318;1872.575654;2636.842218;3664.888943;5.91723348989005;12.5692204240882
D;M-Treven;Nataša Pirc Musar;NA;f1;f;TRUE;o;o;143.6148417;473.6703555;948.8525748;2535.520637;3299.759505;4.68808641924553;8.21528250443804
D;M-Treven;Nataša Pirc Musar;NA;f1;f;TRUE;u;u;NA;747.3918732;1560.995704;2824.417904;4340.778113;6.87106237255141;11.3559261250152
